City_ID,City,Country,Date,Lat,Lng,Max Temp,Humidity,Cloudiness,Wind Speed
0,Pokhara,NP,2022-07-21 21:48:24,28.2333,83.9833,72.23,86,100,4.09
1,New Norfolk,AU,2022-07-21 21:48:25,-42.7826,147.0587,40.91,96,2,3.76
2,Praia,CV,2022-07-21 21:48:25,14.9215,-23.5087,79.34,73,40,5.75
3,Akhisar,TR,2022-07-21 21:48:26,38.9185,27.8401,71.22,50,0,5.93
4,Vaini,TO,2022-07-21 21:48:26,-21.2,-175.2,77.16,83,40,5.75
5,Basco,PH,2022-07-21 21:48:27,20.4487,121.9702,85.26,78,14,11.95
6,Dawlatabad,AF,2022-07-21 21:48:27,36.4141,64.9053,88.95,11,0,7.67
7,Hilo,US,2022-07-21 21:48:12,19.7297,-155.09,83.28,89,75,3.0
8,Ushuaia,AR,2022-07-21 21:44:46,-54.8,-68.3,29.86,93,100,24.16
9,San Roque,ES,2022-07-21 21:48:28,36.2107,-5.3842,72.43,88,75,10.36
10,Hovd,MN,2022-07-21 21:46:37,48.0056,91.6419,61.27,45,97,4.07
11,Busselton,AU,2022-07-21 21:48:28,-33.65,115.3333,57.63,80,66,9.8
12,Albany,US,2022-07-21 21:46:54,42.6001,-73.9662,92.35,51,25,1.01
13,Narsaq,GL,2022-07-21 21:47:16,60.9167,-46.05,61.02,78,13,6.64
14,Quatre Cocos,MU,2022-07-21 21:48:29,-20.2078,57.7625,69.91,69,90,17.58
15,Hasaki,JP,2022-07-21 21:47:29,35.7333,140.8333,81.28,89,78,16.96
16,Jamestown,US,2022-07-21 21:46:54,42.097,-79.2353,84.06,53,0,13.8
17,Ishigaki,JP,2022-07-21 21:48:30,24.3448,124.1572,80.73,100,40,6.91
18,Porbandar,IN,2022-07-21 21:48:30,21.6422,69.6093,81.82,82,100,16.89
19,Pryazha,RU,2022-07-21 21:48:31,61.6926,33.6216,60.03,79,17,4.83
20,Sitka,US,2022-07-21 21:44:29,57.0531,-135.33,57.09,82,100,4.61
21,Cape Town,ZA,2022-07-21 21:47:10,-33.9258,18.4232,58.37,81,0,3.44
22,Arraial Do Cabo,BR,2022-07-21 21:45:48,-22.9661,-42.0278,69.76,88,0,5.75
23,East London,ZA,2022-07-21 21:45:49,-33.0153,27.9116,58.93,77,3,6.69
24,Keffi,NG,2022-07-21 21:48:32,8.8486,7.8736,72.84,92,96,2.91
25,Hobart,AU,2022-07-21 21:45:52,-42.8794,147.3294,40.26,91,20,1.14
26,Qaqortoq,GL,2022-07-21 21:48:32,60.7167,-46.0333,49.75,78,9,6.17
27,Tasiilaq,GL,2022-07-21 21:48:11,65.6145,-37.6368,42.96,78,80,0.98
28,Punta Arenas,CL,2022-07-21 21:47:02,-53.15,-70.9167,33.91,86,20,24.16
29,Yaritagua,VE,2022-07-21 21:48:33,10.08,-69.1261,87.06,79,76,6.82
30,Qaanaaq,GL,2022-07-21 21:45:46,77.484,-69.3632,43.25,90,100,9.55
31,Nikolskoye,RU,2022-07-21 21:48:34,59.7035,30.7861,62.49,85,0,2.24
32,Lagoa,PT,2022-07-21 21:48:34,39.05,-27.9833,72.16,88,95,4.23
33,Roscommon,IE,2022-07-21 21:44:32,53.6333,-8.1833,55.33,83,100,3.71
34,Guerrero Negro,MX,2022-07-21 21:47:43,27.9769,-114.0611,79.54,49,6,20.67
35,Rikitea,PF,2022-07-21 21:48:35,-23.1203,-134.9692,74.41,80,93,22.46
36,Baruun-Urt,MN,2022-07-21 21:48:35,46.6806,113.2792,70.45,50,97,9.51
37,Upernavik,GL,2022-07-21 21:48:35,72.7868,-56.1549,45.32,96,100,13.76
38,Altus,US,2022-07-21 21:48:36,34.6381,-99.334,90.91,48,40,9.22
39,Kapaa,US,2022-07-21 21:48:36,22.0752,-159.319,82.72,71,40,16.11
40,Kutum,SD,2022-07-21 21:48:37,14.2,24.6667,75.09,57,96,6.51
41,Gat,IL,2022-07-21 21:48:03,31.61,34.7642,79.48,100,3,2.37
42,Kavieng,PG,2022-07-21 21:48:37,-2.5744,150.7967,81.57,79,100,11.18
43,Tsaratanana,MG,2022-07-21 21:48:38,-16.7833,47.65,63.07,72,1,13.42
44,Port-Cartier,CA,2022-07-21 21:48:38,50.0334,-66.8654,70.02,88,100,8.32
45,Iquitos,PE,2022-07-21 21:49:38,-3.7481,-73.2472,78.84,78,40,4.61
46,Port Hawkesbury,CA,2022-07-21 21:49:39,45.6169,-61.3485,84.15,68,0,6.91
47,Castro,BR,2022-07-21 21:47:31,-24.7911,-50.0119,59.88,84,46,2.71
48,Bredasdorp,ZA,2022-07-21 21:46:59,-34.5322,20.0403,47.44,87,100,2.28
49,Malanje,AO,2022-07-21 21:49:39,-9.5402,16.341,73.49,34,92,3.91
50,Grindavik,IS,2022-07-21 21:49:40,63.8424,-22.4338,53.55,93,100,5.75
51,Sur,OM,2022-07-21 21:48:50,22.5667,59.5289,86.56,71,83,11.52
52,Neryungri,RU,2022-07-21 21:49:40,56.6709,124.6491,62.58,90,64,1.88
53,Port Elizabeth,ZA,2022-07-21 21:49:41,-33.918,25.5701,46.69,93,0,4.61
54,Bluff,NZ,2022-07-21 21:49:41,-46.6,168.3333,39.79,82,88,8.1
55,Kahului,US,2022-07-21 21:45:45,20.8947,-156.47,82.42,69,75,17.27
56,Tiarei,PF,2022-07-21 21:49:42,-17.5333,-149.3333,82.42,76,15,10.49
57,Egvekinot,RU,2022-07-21 21:49:42,66.3167,-179.1667,43.74,53,92,11.21
58,Hermanus,ZA,2022-07-21 21:47:53,-34.4187,19.2345,53.15,76,100,3.98
59,Nampa,US,2022-07-21 21:49:43,43.5407,-116.5635,100.18,18,0,8.05
60,Mataura,NZ,2022-07-21 21:47:21,-46.1927,168.8643,39.47,95,100,0.58
61,Oriximina,BR,2022-07-21 21:49:43,-1.7656,-55.8661,80.98,73,70,3.74
62,Havelock,US,2022-07-21 21:49:44,34.8791,-76.9013,89.56,83,20,20.71
63,Luderitz,NA,2022-07-21 21:49:44,-26.6481,15.1594,64.18,48,0,5.7
64,Pevek,RU,2022-07-21 21:47:46,69.7008,170.3133,32.16,100,100,10.63
65,Louth,GB,2022-07-21 21:49:45,53.3666,-0.0044,63.05,77,75,4.61
66,Kissamos,GR,2022-07-21 21:49:45,35.4939,23.6569,81.91,56,0,4.92
67,Faanui,PF,2022-07-21 21:49:46,-16.4833,-151.75,77.47,73,11,11.14
68,Vardo,NO,2022-07-21 21:48:37,70.3705,31.1107,55.38,94,100,5.75
69,Pangkalanbuun,ID,2022-07-21 21:49:46,-2.6833,111.6167,73.13,99,98,2.06
70,Conakry,GN,2022-07-21 21:47:23,9.538,-13.6773,77.07,94,75,6.91
71,Port Alfred,ZA,2022-07-21 21:46:32,-33.5906,26.891,57.58,75,0,7.81
72,Arlit,NE,2022-07-21 21:49:47,18.7369,7.3853,97.41,13,21,9.86
73,Katsuura,JP,2022-07-21 21:49:47,35.1333,140.3,79.61,87,46,14.85
74,Ilulissat,GL,2022-07-21 21:48:08,69.2167,-51.1,51.82,82,75,4.61
75,Shimoda,JP,2022-07-21 21:49:48,34.6667,138.95,84.11,87,6,8.88
76,Hamilton,US,2022-07-21 21:48:08,39.1834,-84.5333,90.95,47,40,12.66
77,Tuatapere,NZ,2022-07-21 21:47:18,-46.1333,167.6833,43.92,92,99,2.51
78,Berdigestyakh,RU,2022-07-21 21:49:48,62.0989,126.6992,62.96,95,81,6.13
79,Iqaluit,CA,2022-07-21 21:49:49,63.7506,-68.5145,42.53,93,100,5.75
80,Bandarbeyla,SO,2022-07-21 21:44:51,9.4942,50.8122,76.01,82,18,28.7
81,Cherskiy,RU,2022-07-21 21:49:50,68.75,161.3,45.05,50,99,11.59
82,Andenes,NO,2022-07-21 21:49:50,69.3143,16.1194,53.92,87,75,3.44
83,Abu Samrah,SY,2022-07-21 21:49:50,35.3029,37.1841,74.82,59,0,9.57
84,Bambous Virieux,MU,2022-07-21 21:49:51,-20.3428,57.7575,70.05,73,75,11.5
85,Green Valley,US,2022-07-21 21:49:51,31.8543,-110.9937,105.58,28,16,6.46
86,Olafsvik,IS,2022-07-21 21:49:52,64.8945,-23.7142,53.29,86,58,7.78
87,Banepa,NP,2022-07-21 21:49:52,27.6298,85.5214,68.32,100,75,3.44
88,San Andres,CO,2022-07-21 21:50:52,12.5847,-81.7006,86.02,74,75,13.8
89,Atuona,PF,2022-07-21 21:50:17,-9.8,-139.0333,77.4,73,14,16.15
90,Maceio,BR,2022-07-21 21:50:53,-9.6658,-35.7353,78.24,83,20,4.61
91,Kangaatsiaq,GL,2022-07-21 21:50:53,68.3065,-53.4641,43.54,91,100,25.12
92,Buchanan,LR,2022-07-21 21:50:54,5.8808,-10.0467,76.15,79,100,9.91
93,Sawtell,AU,2022-07-21 21:50:54,-30.3833,153.1,62.62,72,75,18.41
94,Haiger,DE,2022-07-21 21:50:55,50.75,8.2167,63.34,91,100,14.97
95,Tuktoyaktuk,CA,2022-07-21 21:47:01,69.4541,-133.0374,55.4,94,100,6.91
96,Clyde River,CA,2022-07-21 21:47:27,70.4692,-68.5914,44.83,87,100,4.61
97,Kifri,IQ,2022-07-21 21:50:55,34.6959,44.9661,95.14,13,0,16.33
98,Bathsheba,BB,2022-07-21 21:50:56,13.2167,-59.5167,84.81,87,20,21.85
99,Yangambi,CD,2022-07-21 21:50:56,0.8102,24.4336,72.54,90,96,0.98
100,Port Lincoln,AU,2022-07-21 21:50:56,-34.7333,135.8667,55.06,64,100,20.38
101,Provideniya,RU,2022-07-21 21:48:10,64.3833,-173.3,42.91,87,100,18.01
102,Saskylakh,RU,2022-07-21 21:50:57,71.9167,114.0833,49.69,68,100,7.18
103,Lebu,CL,2022-07-21 21:50:57,-37.6167,-73.65,51.03,89,99,10.09
104,Port Macquarie,AU,2022-07-21 21:50:58,-31.4333,152.9167,59.04,80,99,11.39
105,Sovetskaya,RU,2022-07-21 21:50:58,44.7769,41.1722,59.27,83,6,6.38
106,Ancud,CL,2022-07-21 21:50:59,-41.8697,-73.8203,41.23,92,100,5.28
107,Platanos,GR,2022-07-21 21:50:44,37.6667,21.6167,79.09,48,0,4.34
108,Cabo San Lucas,MX,2022-07-21 21:50:51,22.8909,-109.9124,99.7,59,82,13.73
109,Batagay-Alyta,RU,2022-07-21 21:50:59,67.8006,130.4114,53.31,69,90,3.42
110,Haines Junction,CA,2022-07-21 21:50:48,60.7522,-137.5108,62.55,42,100,8.05
111,Vitim,RU,2022-07-21 21:51:00,59.4511,112.5578,62.29,82,91,1.3
112,Puerto Ayora,EC,2022-07-21 21:46:37,-0.7393,-90.3518,80.56,89,54,4.0
113,Launceston,AU,2022-07-21 21:51:00,-41.45,147.1667,42.33,89,4,6.91
114,Hofn,IS,2022-07-21 21:51:01,64.2539,-15.2082,50.61,89,35,1.92
115,Anito,PH,2022-07-21 21:51:01,12.4497,125.2886,79.79,88,97,5.95
116,Butaritari,KI,2022-07-21 21:51:02,3.0707,172.7902,81.12,74,62,5.91
117,Carnarvon,AU,2022-07-21 21:51:02,-24.8667,113.6333,61.02,75,51,17.31
118,Airai,TL,2022-07-21 21:47:52,-8.9266,125.4092,54.41,92,97,4.07
119,Kattivakkam,IN,2022-07-21 21:51:03,13.2167,80.3167,78.89,74,96,9.44
120,Pangai,TO,2022-07-21 21:51:04,-19.8,-174.35,78.91,78,20,8.05
121,Fairbanks,US,2022-07-21 21:50:01,64.8378,-147.7164,65.23,59,75,3.44
122,Bengkulu,ID,2022-07-21 21:51:04,-3.8004,102.2655,74.79,90,85,4.52
123,Nanortalik,GL,2022-07-21 21:51:05,60.1432,-45.2371,50.25,75,2,9.75
124,Fez,MA,2022-07-21 21:51:06,34.0372,-4.9998,91.65,18,0,3.44
125,Flinders,AU,2022-07-21 21:51:06,-34.5833,150.8552,54.37,89,93,5.99
126,Ribeira Grande,PT,2022-07-21 21:51:07,38.5167,-28.7,73.78,85,48,2.46
127,Saldanha,ZA,2022-07-21 21:51:07,-33.0117,17.9442,44.65,79,98,11.43
128,Loandjili,CG,2022-07-21 21:51:08,-4.7561,11.8578,69.93,90,15,5.99
129,Rio De Jesus,PA,2022-07-21 21:51:08,7.9844,-81.1631,74.73,94,100,0.98
130,Assiniboia,CA,2022-07-21 21:51:09,49.6334,-105.9845,78.62,34,4,13.8
131,Camopi,GF,2022-07-21 21:51:09,3.1655,-52.3158,75.04,92,95,3.53
132,Mehamn,NO,2022-07-21 21:51:10,71.0357,27.8492,56.46,96,100,8.75
133,Conceicao Do Almeida,BR,2022-07-21 21:51:10,-12.7794,-39.17,66.06,90,94,4.27
134,Kiknur,RU,2022-07-21 21:51:11,57.3034,47.2011,55.26,90,2,4.83
135,Fort Nelson,CA,2022-07-21 21:48:18,58.8053,-122.7002,65.79,42,75,14.97
136,Ostrovnoy,RU,2022-07-21 21:52:11,68.0531,39.5131,54.25,85,95,5.03
137,Barrow,US,2022-07-21 21:47:17,71.2906,-156.7887,42.82,81,75,28.77
138,Yabelo,ET,2022-07-21 21:52:12,4.8833,38.0833,61.75,58,91,13.35
139,Victoria,HK,2022-07-21 21:49:22,22.2855,114.1577,86.18,80,0,1.01
140,Storm Lake,US,2022-07-21 21:52:12,42.6411,-95.2097,88.84,37,0,4.61
141,Japura,ID,2022-07-21 21:52:13,-0.3167,102.35,72.84,99,100,2.64
142,Nabinagar,BD,2022-07-21 21:52:13,23.8917,90.9733,79.25,95,100,5.19
143,Bayburt,TR,2022-07-21 21:52:14,40.2589,40.2278,57.09,76,100,2.66
144,Svetlogorsk,BY,2022-07-21 21:52:14,52.6333,29.7333,59.9,94,46,7.74
145,Bangalore,IN,2022-07-21 21:52:04,12.9762,77.6033,71.42,85,99,6.93
146,Magadan,RU,2022-07-21 21:52:15,59.5667,150.8,69.53,75,51,4.59
147,Cuamba,MZ,2022-07-21 21:52:15,-14.8031,36.5372,67.24,49,78,3.58
148,Sorland,NO,2022-07-21 21:52:16,67.667,12.6934,51.66,91,100,18.84
149,Mantua,IT,2022-07-21 21:52:16,45.1667,10.7833,87.04,60,0,5.01
150,Lompoc,US,2022-07-21 21:52:17,34.6391,-120.4579,88.02,69,0,16.11
151,Piacabucu,BR,2022-07-21 21:52:17,-10.4056,-36.4344,72.95,81,78,6.15
152,Krutikha,RU,2022-07-21 21:52:18,53.9599,81.2093,58.87,95,11,8.79
153,Hohhot,CN,2022-07-21 21:52:18,40.8106,111.6522,70.09,60,20,4.47
154,Port Augusta,AU,2022-07-21 21:52:19,-32.5,137.7667,50.83,83,100,6.71
155,Mayo,US,2022-07-21 21:52:19,38.8876,-76.5119,95.36,69,40,9.22
156,Nome,US,2022-07-21 21:52:20,64.5011,-165.4064,47.16,81,100,13.8
157,Necochea,AR,2022-07-21 21:47:20,-38.5473,-58.7368,45.16,51,89,1.68
158,Richards Bay,ZA,2022-07-21 21:50:24,-28.783,32.0377,66.29,85,74,6.96
159,Masty,BY,2022-07-21 21:52:21,53.4122,24.5387,64.0,90,10,4.63
160,Pisco,PE,2022-07-21 21:52:21,-13.7,-76.2167,64.45,68,20,14.97
161,Fortuna,US,2022-07-21 21:47:55,40.5982,-124.1573,66.92,77,41,5.01
162,Yellowknife,CA,2022-07-21 21:48:22,62.456,-114.3525,70.32,40,75,9.22
163,Balrampur,IN,2022-07-21 21:52:22,27.4333,82.1833,80.8,82,100,5.19
164,Solnechnyy,RU,2022-07-21 21:50:20,50.7214,136.6319,57.13,94,100,6.8
165,Sobolevo,RU,2022-07-21 21:52:22,54.4299,31.8996,54.93,94,0,8.03
166,Alnashi,RU,2022-07-21 21:52:22,56.1874,52.4792,56.7,83,10,3.31
167,Chokurdakh,RU,2022-07-21 21:50:32,70.6333,147.9167,51.13,38,0,8.68
168,Labuan,MY,2022-07-21 21:52:23,5.2767,115.2417,82.76,83,20,3.44
169,Mitsamiouli,KM,2022-07-21 21:51:40,-11.3847,43.2844,75.13,72,6,6.08
170,Seligenstadt,DE,2022-07-21 21:52:24,50.0432,8.9739,70.79,88,6,3.4
171,Tazovskiy,RU,2022-07-21 21:50:53,67.4667,78.7,43.48,85,100,4.0
172,Walvis Bay,NA,2022-07-21 21:52:24,-22.9575,14.5053,58.15,67,0,2.3
173,San Cristobal,VE,2022-07-21 21:52:25,7.7669,-72.225,75.38,71,87,5.23
174,Warrnambool,AU,2022-07-21 21:52:25,-38.3833,142.4833,47.8,80,85,14.74
175,Mattru,SL,2022-07-21 21:52:25,7.6244,-11.8332,73.31,90,86,4.03
176,Mandalgovi,MN,2022-07-21 21:52:26,45.7625,106.2708,57.38,61,100,12.24
177,Souillac,MU,2022-07-21 21:47:35,-20.5167,57.5167,70.18,73,75,11.5
178,Surin,TH,2022-07-21 21:52:20,14.8818,103.4936,77.0,99,100,10.04
179,Cidreira,BR,2022-07-21 21:52:27,-30.1811,-50.2056,62.53,91,92,2.1
180,Xiamen,CN,2022-07-21 21:52:27,24.4798,118.0819,83.25,89,0,2.24
181,Shelburne,CA,2022-07-21 21:52:28,44.0787,-80.2041,80.11,49,0,12.44
182,Port Hardy,CA,2022-07-21 21:52:28,50.6996,-127.4199,59.18,77,40,14.97
183,Kendari,ID,2022-07-21 21:53:28,-3.945,122.4989,73.26,95,73,2.19
184,Maple Creek,CA,2022-07-21 21:53:29,49.9168,-109.4848,87.85,16,2,11.5
185,Chuy,UY,2022-07-21 21:53:29,-33.6971,-53.4616,52.25,89,90,7.38
186,Turkeve,HU,2022-07-21 21:53:30,47.1,20.75,78.85,31,16,8.97
187,Chupa,RU,2022-07-21 21:53:30,66.27,33.0549,64.02,72,100,5.14
188,Avarua,CK,2022-07-21 21:50:11,-21.2078,-159.775,73.45,73,75,12.66
189,Ketchikan,US,2022-07-21 21:52:48,55.3422,-131.6461,63.07,67,100,9.22
190,Verkhoyansk,RU,2022-07-21 21:53:31,67.5447,133.385,58.89,60,91,1.92
191,Kirkwood,US,2022-07-21 21:53:31,38.5834,-90.4068,100.04,37,0,3.0
192,Kloulklubed,PW,2022-07-21 21:53:32,7.0419,134.2556,82.96,71,98,2.01
193,Boden,SE,2022-07-21 21:53:32,65.8252,21.6886,62.6,95,94,2.28
194,Farafenni,GM,2022-07-21 21:53:33,13.5667,-15.6,78.06,89,100,6.89
195,Diu,IN,2022-07-21 21:53:33,20.7141,70.9822,81.09,80,100,15.32
196,Yeppoon,AU,2022-07-21 21:53:33,-23.1333,150.7333,58.78,93,20,6.22
197,Westport,US,2022-07-21 21:49:58,41.1415,-73.3579,90.63,70,0,14.97
198,Teguldet,RU,2022-07-21 21:51:39,57.3064,88.1667,55.04,98,72,6.31
199,Beyneu,KZ,2022-07-21 21:53:34,45.3167,55.2,87.53,31,97,17.29
200,Ciudad Bolivar,VE,2022-07-21 21:53:34,8.1222,-63.5497,82.18,74,70,10.27
201,Mayumba,GA,2022-07-21 21:53:03,-3.432,10.6554,70.11,94,58,7.4
202,Kodiak,US,2022-07-21 21:53:35,57.79,-152.4072,54.91,88,100,8.05
203,Dunkirk,FR,2022-07-21 21:53:35,51.05,2.3667,64.4,81,0,10.02
204,Ludvika,SE,2022-07-21 21:53:36,60.1496,15.1878,73.2,88,100,6.62
205,Campoverde,PE,2022-07-21 21:53:36,-8.4753,-74.8058,89.29,58,91,1.68
206,Moerai,PF,2022-07-21 21:53:37,-22.4333,-151.3333,71.46,56,17,22.73
207,Uige,AO,2022-07-21 21:51:00,-7.6087,15.0613,66.49,71,61,2.75
208,Taoudenni,ML,2022-07-21 21:53:05,22.6783,-3.9836,89.8,42,54,16.51
209,Georgetown,MY,2022-07-21 21:52:59,5.4112,100.3354,81.9,93,20,2.3
210,Talara,PE,2022-07-21 21:53:37,-4.5772,-81.2719,74.16,64,0,17.27
211,Wakkanai,JP,2022-07-21 21:53:38,45.4094,141.6739,61.74,85,64,10.6
212,Ballina,AU,2022-07-21 21:53:38,-28.8667,153.5667,59.02,99,100,19.22
213,Kaputa,ZM,2022-07-21 21:53:39,-8.4689,29.6619,68.72,56,16,3.91
214,Guangyuan,CN,2022-07-21 21:51:56,32.442,105.823,64.99,96,100,6.67
215,Beringovskiy,RU,2022-07-21 21:53:39,63.05,179.3167,49.68,62,28,11.43
216,Coquimbo,CL,2022-07-21 21:53:40,-29.9533,-71.3436,55.13,82,100,3.44
217,Sao Jose Da Coroa Grande,BR,2022-07-21 21:53:40,-8.8978,-35.1478,74.08,88,91,9.44
218,Bethel,US,2022-07-21 21:53:41,41.3712,-73.414,91.51,69,48,1.01
219,Kruisfontein,ZA,2022-07-21 21:53:41,-34.0033,24.7314,49.78,88,21,4.65
220,Lincoln,US,2022-07-21 21:49:30,40.8,-96.667,97.14,46,0,11.5
221,Arona,ES,2022-07-21 21:53:42,28.0996,-16.681,76.69,64,0,9.22
222,Bocas Del Toro,PA,2022-07-21 21:53:42,9.3333,-82.25,80.91,77,100,10.33
223,San Carlos De Bariloche,AR,2022-07-21 21:53:43,-41.1456,-71.3082,35.24,74,75,17.27
224,Charyshskoye,RU,2022-07-21 21:53:43,51.3978,83.5598,59.95,94,100,6.15
225,Tiksi,RU,2022-07-21 21:53:43,71.6872,128.8694,41.41,82,90,8.32
226,Ahipara,NZ,2022-07-21 21:53:44,-35.1667,173.1667,57.04,74,81,8.19
227,Shingu,JP,2022-07-21 21:52:24,33.7333,135.9833,82.11,81,5,1.68
228,Ixtapa,MX,2022-07-21 21:50:34,20.7,-105.2,90.23,75,28,4.0
229,Nouadhibou,MR,2022-07-21 21:53:45,20.931,-17.0347,75.18,83,22,10.36
230,Tilichiki,RU,2022-07-21 21:53:45,60.4667,166.1,60.15,47,0,7.0
231,Marrakesh,MA,2022-07-21 21:54:46,31.6315,-8.0083,91.47,29,75,6.91
232,Slave Lake,CA,2022-07-21 21:54:46,55.2834,-114.769,71.58,49,75,17.27
233,Sabang,ID,2022-07-21 21:54:46,5.8933,95.3214,82.47,75,100,16.73
234,Limbang,MY,2022-07-21 21:54:47,4.75,115.0,78.91,93,100,2.01
235,Alice Springs,AU,2022-07-21 21:54:47,-23.7,133.8833,33.35,75,0,0.0
236,Kokopo,PG,2022-07-21 21:54:48,-4.352,152.2633,79.97,74,80,0.51
237,Balingasay,PH,2022-07-21 21:54:48,16.3573,119.8564,82.49,75,68,9.66
238,Leningradskiy,RU,2022-07-21 21:54:49,69.3833,178.4167,35.55,99,100,9.15
239,Verkhnetulomskiy,RU,2022-07-21 21:54:49,68.6073,31.7962,62.73,73,88,4.63
240,Namibe,AO,2022-07-21 21:52:32,-15.1961,12.1522,62.67,89,23,1.68
241,Dali,CN,2022-07-21 21:54:50,25.7,100.1833,61.56,90,92,1.19
242,Fare,PF,2022-07-21 21:54:50,-16.7,-151.0167,76.78,74,8,11.43
243,Kristiinankaupunki,FI,2022-07-21 21:54:51,62.2743,21.376,62.08,95,100,3.33
244,Toora-Khem,RU,2022-07-21 21:54:51,52.4675,96.11,51.01,61,99,2.24
245,La Libertad,EC,2022-07-21 21:54:51,-2.2333,-80.9,69.46,78,75,4.61
246,Pacifica,US,2022-07-21 21:54:52,37.6138,-122.4869,86.05,79,20,20.71
247,Tessalit,ML,2022-07-21 21:54:52,20.1986,1.0114,89.49,34,77,11.27
248,Horodnytsya,UA,2022-07-21 21:54:53,50.807,27.3168,61.02,92,2,6.55
249,Severo-Kurilsk,RU,2022-07-21 21:54:53,50.6789,156.125,53.64,96,100,25.55
250,Jerantut,MY,2022-07-21 21:54:53,3.936,102.3626,73.45,97,72,0.74
251,Carutapera,BR,2022-07-21 21:54:54,-1.195,-46.02,76.6,88,60,7.56
252,Cockburn Town,TC,2022-07-21 21:50:16,21.4612,-71.1419,82.22,83,28,19.89
253,Tari,NG,2022-07-21 21:54:54,12.4086,4.4914,80.8,65,18,3.65
254,Khatanga,RU,2022-07-21 21:54:55,71.9667,102.5,51.26,83,100,14.41
255,Mahebourg,MU,2022-07-21 21:54:55,-20.4081,57.7,70.09,73,75,11.5
256,Talnakh,RU,2022-07-21 21:54:56,69.4865,88.3972,51.21,81,12,5.5
257,Marystown,CA,2022-07-21 21:54:56,47.1666,-55.1483,66.85,100,52,8.01
258,Aykhal,RU,2022-07-21 21:54:56,66.0,111.5,54.82,85,100,1.66
259,Muncar,ID,2022-07-21 21:54:57,-8.4333,114.3333,74.73,86,100,3.29
260,Karwar,IN,2022-07-21 21:54:57,14.8,74.1333,77.59,87,86,7.23
261,Banjar,ID,2022-07-21 21:54:58,-8.19,114.9675,73.83,89,94,6.78
262,Jabinyanah,TN,2022-07-21 21:54:58,35.035,10.9081,84.0,63,0,7.72
263,Boa Vista,BR,2022-07-21 21:54:58,2.8197,-60.6733,85.98,66,40,5.75
264,Coihaique,CL,2022-07-21 21:54:59,-45.5752,-72.0662,33.75,75,75,6.91
265,Sao Filipe,CV,2022-07-21 21:54:59,14.8961,-24.4956,74.97,86,90,6.42
266,Calvinia,ZA,2022-07-21 21:55:00,-31.4707,19.776,51.69,32,64,7.7
267,Valparaiso,CL,2022-07-21 21:55:00,-33.0393,-71.6273,61.03,79,0,3.44
268,La Ronge,CA,2022-07-21 21:55:00,55.1001,-105.2842,70.02,49,75,17.27
269,Norman Wells,CA,2022-07-21 21:55:01,65.282,-126.8329,71.64,53,75,4.61
270,Salym,RU,2022-07-21 21:55:01,60.0625,71.4789,48.94,87,57,6.4
271,Caldwell,US,2022-07-21 21:51:19,43.6629,-116.6874,100.67,17,0,8.05
272,Itarema,BR,2022-07-21 21:55:02,-2.9248,-39.9167,78.96,78,45,14.34
273,Seddon,AU,2022-07-21 21:55:02,-37.8068,144.8916,47.77,91,0,10.36
274,Isangel,VU,2022-07-21 21:51:00,-19.55,169.2667,78.91,78,3,6.91
275,Bad Reichenhall,DE,2022-07-21 21:55:03,47.7333,12.8833,70.11,97,75,4.61
276,Ponta Do Sol,PT,2022-07-21 21:55:04,32.6667,-17.1,71.71,80,3,7.76
277,Saint George,US,2022-07-21 21:54:19,37.1041,-113.5841,110.43,12,0,14.97
278,Aklavik,CA,2022-07-21 21:55:48,68.2191,-135.0107,66.2,63,75,8.05
279,Hithadhoo,MV,2022-07-21 21:56:04,-0.6,73.0833,80.51,73,100,8.12
280,Bodden Town,KY,2022-07-21 21:56:05,19.2833,-81.25,89.6,69,40,10.36
281,Labrea,BR,2022-07-21 21:56:05,-7.2586,-64.7981,83.77,52,22,0.78
282,Beloha,MG,2022-07-21 21:56:01,-25.1667,45.05,64.35,82,1,5.46
283,Saint-Philippe,RE,2022-07-21 21:55:54,-21.3585,55.7679,64.22,84,52,13.27
284,Safaga,EG,2022-07-21 21:56:06,26.7292,33.9365,89.44,29,0,13.67
285,Nuuk,GL,2022-07-21 21:56:07,64.1835,-51.7216,48.43,81,69,13.31
286,Oistins,BB,2022-07-21 21:56:07,13.0667,-59.5333,84.29,74,20,21.85
287,Okha,RU,2022-07-21 21:56:08,53.5739,142.9478,54.52,87,100,13.4
288,Sinnamary,GF,2022-07-21 21:56:08,5.3833,-52.95,78.4,84,22,8.41
289,Ossora,RU,2022-07-21 21:56:09,59.2353,163.0719,61.14,61,1,6.2
290,Constitucion,CL,2022-07-21 21:55:56,-35.3333,-72.4167,54.34,86,48,10.49
291,Malinovoye Ozero,RU,2022-07-21 21:53:06,51.6753,79.7825,65.26,73,26,6.87
292,Esperanza,DO,2022-07-21 21:56:10,19.5847,-70.9849,84.69,52,8,14.99
293,Lasa,IT,2022-07-21 21:56:10,46.6166,10.7002,71.37,86,48,2.51
294,Weligama,LK,2022-07-21 21:56:11,5.9667,80.4167,77.43,88,100,15.55
295,Kaitangata,NZ,2022-07-21 21:56:11,-46.2817,169.8464,44.08,88,96,2.64
296,Hualmay,PE,2022-07-21 21:51:24,-11.0964,-77.6139,63.36,79,9,11.81
297,La Rioja,ES,2022-07-21 21:56:12,42.25,-2.5,74.98,51,5,3.11
298,Zhenlai,CN,2022-07-21 21:56:12,45.8495,123.2973,74.34,68,8,3.44
299,Ontario,US,2022-07-21 21:53:34,34.0633,-117.6509,105.42,30,0,12.66
300,Zhuhai,CN,2022-07-21 21:56:13,22.2769,113.5678,84.85,89,20,3.44
301,Hervey Bay,AU,2022-07-21 21:56:13,-25.2986,152.8535,63.99,88,99,22.55
302,La Sarre,CA,2022-07-21 21:56:14,48.8002,-79.1996,58.57,97,100,14.58
303,Straumen,NO,2022-07-21 21:56:14,63.8709,11.2999,55.4,87,80,5.39
304,Igarka,RU,2022-07-21 21:56:15,67.4667,86.5833,52.07,81,92,6.6
305,Saint-Pierre,RE,2022-07-21 21:51:17,-21.3393,55.4781,64.29,72,0,6.91
306,Mar Del Plata,AR,2022-07-21 21:56:15,-38.0023,-57.5575,51.1,60,0,6.91
307,Kahama,TZ,2022-07-21 21:56:16,-3.8333,32.6,71.76,37,82,9.8
308,Kununurra,AU,2022-07-21 21:56:16,-15.7667,128.7333,55.38,94,7,3.44
309,Krasnoselkup,RU,2022-07-21 21:56:17,65.7,82.4667,50.38,81,83,5.41
310,Zernograd,RU,2022-07-21 21:56:17,46.8452,40.3083,66.13,60,21,6.71
311,Vagamo,NO,2022-07-21 21:56:18,61.8751,9.0967,56.21,84,34,6.64
312,Mizan Teferi,ET,2022-07-21 21:56:18,6.9833,35.5833,58.78,96,62,2.26
313,Puerto Escondido,MX,2022-07-21 21:56:19,15.85,-97.0667,85.15,75,99,4.88
314,Lorengau,PG,2022-07-21 21:56:19,-2.0226,147.2712,82.58,76,84,9.51
315,Codrington,AU,2022-07-21 21:56:19,-38.2667,141.9667,46.51,86,80,11.05
316,Thompson,CA,2022-07-21 21:55:37,55.7435,-97.8558,66.36,63,75,6.91
317,Faya,SA,2022-07-21 21:56:20,18.3851,42.4509,69.91,56,84,3.4
318,Lima,PE,2022-07-21 21:53:18,-12.0432,-77.0282,59.25,77,100,9.22
319,Vranestica,MK,2022-07-21 21:56:21,41.4453,21.0267,66.0,52,0,3.62
320,Leh,IN,2022-07-21 21:56:21,34.1667,77.5833,65.19,19,95,5.21
321,Nanticoke,US,2022-07-21 21:56:22,41.2054,-76.0049,89.82,53,49,5.12
322,Gamba,GA,2022-07-21 21:56:22,-2.65,10.0,70.47,94,92,5.93
323,Macusani,PE,2022-07-21 21:56:23,-14.0833,-70.4333,45.25,53,18,5.5
324,Kandiaro,PK,2022-07-21 21:56:23,27.0601,68.2091,87.58,71,89,7.36
325,Floro,NO,2022-07-21 21:56:24,61.5996,5.0328,57.24,82,75,13.8
326,Tanout,NE,2022-07-21 21:57:24,14.9709,8.8879,87.66,40,94,7.47
327,Port Blair,IN,2022-07-21 21:57:25,11.6667,92.75,78.84,94,100,2.3
328,Harper,LR,2022-07-21 21:56:53,4.375,-7.7169,75.31,76,100,8.52
329,Doha,QA,2022-07-21 21:57:25,25.2867,51.5333,93.18,79,0,5.75
330,Petropavlovsk-Kamchatskiy,RU,2022-07-21 21:57:25,53.0452,158.6483,61.39,94,75,2.24
331,Pimentel,PE,2022-07-21 21:57:26,-6.8367,-79.9342,71.89,56,0,13.8
332,Srednekolymsk,RU,2022-07-21 21:57:26,67.45,153.6833,52.2,43,0,9.28
333,College,US,2022-07-21 21:57:27,64.8569,-147.8028,65.21,59,75,0.0
334,Boda,CF,2022-07-21 21:57:27,4.3189,17.4695,69.84,97,100,3.09
335,Requena,ES,2022-07-21 21:57:28,39.4883,-1.1004,72.79,73,0,4.27
336,Cairns,AU,2022-07-21 21:54:00,-16.9167,145.7667,69.06,91,4,1.14
337,Longfeng,CN,2022-07-21 21:57:28,46.55,125.1167,72.66,76,14,5.37
338,Husavik,IS,2022-07-21 21:57:28,66.0449,-17.3389,50.31,80,84,3.85
339,Taltal,CL,2022-07-21 21:57:29,-25.4,-70.4833,59.34,83,9,4.12
340,Caravelas,BR,2022-07-21 21:57:29,-17.7125,-39.2481,70.83,83,4,5.7
341,Toktogul,KG,2022-07-21 21:57:30,41.8708,72.9402,74.52,40,0,2.15
342,Grand Gaube,MU,2022-07-21 21:57:30,-20.0064,57.6608,70.2,70,98,7.0
343,Geraldton,AU,2022-07-21 21:57:31,-28.7667,114.6,54.01,87,100,9.22
344,Hobyo,SO,2022-07-21 21:57:31,5.3505,48.5268,75.72,82,21,25.05
345,Beinamar,TD,2022-07-21 21:57:32,8.6698,15.3813,72.28,91,80,1.61
346,Linares,CL,2022-07-21 21:57:32,-35.85,-71.6,51.85,87,38,3.74
347,Makakilo City,US,2022-07-21 21:57:32,21.3469,-158.0858,82.56,60,75,12.66
348,Morondava,MG,2022-07-21 21:57:33,-20.2833,44.2833,69.62,72,0,11.1
349,Kharan,PK,2022-07-21 21:57:33,28.5833,65.4167,89.91,48,11,8.61
350,Sao Joao Da Barra,BR,2022-07-21 21:54:21,-21.6403,-41.0511,73.49,84,6,10.13
351,Marabba,SD,2022-07-21 21:57:34,12.35,32.1833,76.23,75,96,7.81
352,Sayyan,YE,2022-07-21 21:57:34,15.1718,44.3244,65.08,62,82,1.7
353,Bemidji,US,2022-07-21 21:57:35,47.4736,-94.8803,80.19,44,40,11.5
354,Atambua,ID,2022-07-21 21:57:35,-9.1061,124.8925,68.76,87,95,6.85
355,Nueva Loja,EC,2022-07-21 21:57:35,0.0847,-76.8828,80.62,78,75,3.44
356,Inhambane,MZ,2022-07-21 21:57:36,-23.865,35.3833,67.32,84,0,5.08
357,Vestmannaeyjar,IS,2022-07-21 21:53:37,63.4427,-20.2734,51.58,98,100,5.17
358,Vrangel,RU,2022-07-21 21:57:36,42.7297,133.0839,64.44,95,100,6.53
359,Poum,NC,2022-07-21 21:57:37,-20.2333,164.0167,77.32,85,99,25.61
360,Fallon,US,2022-07-21 21:54:46,39.4735,-118.7774,99.91,7,40,5.75
361,Mackay,AU,2022-07-21 21:57:37,-21.15,149.2,61.68,86,22,8.77
362,Asmar,AF,2022-07-21 21:57:38,35.0333,71.3581,77.83,94,95,3.33
363,Uulu,EE,2022-07-21 21:57:38,58.2789,24.5774,64.44,88,7,1.14
364,Los Llanos De Aridane,ES,2022-07-21 21:57:38,28.6585,-17.9182,67.75,83,20,16.11
365,Alagoa Grande,BR,2022-07-21 21:57:39,-7.1583,-35.63,71.92,92,99,6.17
366,Udachnyy,RU,2022-07-21 21:57:39,66.4167,112.4,48.45,100,100,1.99
367,Mareeba,AU,2022-07-21 21:57:40,-17.0,145.4333,64.44,90,16,1.57
368,Praia Da Vitoria,PT,2022-07-21 21:52:59,38.7333,-27.0667,75.45,69,20,1.83
369,Kysyl-Syr,RU,2022-07-21 21:57:40,63.8986,122.7617,57.83,96,100,7.85
370,Voh,NC,2022-07-21 21:57:41,-20.9667,164.7,77.22,78,68,6.85
371,Coahuayana,MX,2022-07-21 21:57:41,18.7333,-103.6833,90.16,65,86,7.49
372,Camacupa,AO,2022-07-21 21:58:42,-12.0167,17.4833,63.3,34,54,1.81
373,Deputatskiy,RU,2022-07-21 21:58:42,69.3,139.9,46.74,69,11,7.96
374,Petauke,ZM,2022-07-21 21:58:42,-14.2426,31.3253,61.92,61,40,6.71
375,Umea,SE,2022-07-21 21:58:43,63.8284,20.2597,62.91,100,75,0.0
376,Aksu,CN,2022-07-21 21:58:43,41.1231,80.2644,76.59,28,0,4.27
377,Porto Novo,BJ,2022-07-21 21:58:44,6.4965,2.6036,78.62,80,38,7.31
378,Zhigansk,RU,2022-07-21 21:58:44,66.7697,123.3711,60.39,94,89,8.01
379,Biala Podlaska,PL,2022-07-21 21:58:45,52.0324,23.1165,65.75,81,2,1.43
380,Zimmi,SL,2022-07-21 21:58:45,7.3153,-11.3061,72.75,91,98,3.24
381,Yulara,AU,2022-07-21 21:58:45,-25.2406,130.9889,47.71,43,0,6.49
382,Gresham,US,2022-07-21 21:58:46,45.4982,-122.4315,87.89,51,17,4.0
383,Antalaha,MG,2022-07-21 21:57:14,-14.9003,50.2788,65.68,91,69,7.38
384,Dikson,RU,2022-07-21 21:55:43,73.5069,80.5464,42.35,95,100,17.27
385,La Romana,DO,2022-07-21 21:58:46,18.4273,-68.9728,80.96,89,75,9.22
386,Ziniare,BF,2022-07-21 21:58:47,12.5822,-1.2983,82.44,62,98,5.28
387,Bonthe,SL,2022-07-21 21:58:47,7.5264,-12.505,76.8,80,98,12.48
388,Sandwick,GB,2022-07-21 21:58:48,60.0,-1.25,48.02,87,51,6.91
389,Ankang,CN,2022-07-21 21:58:48,32.68,109.0172,74.43,97,98,1.25
390,Pospelikha,RU,2022-07-21 21:58:49,51.95,81.7667,60.78,94,75,7.52
391,Soyo,AO,2022-07-21 21:58:49,-6.1349,12.3689,69.87,89,14,10.25
392,Yaan,NG,2022-07-21 21:58:50,7.3833,8.5667,71.4,96,96,4.65
393,Esperance,AU,2022-07-21 21:58:50,-33.8667,121.9,53.37,78,66,17.49
394,Kopervik,NO,2022-07-21 21:58:50,59.2835,5.3067,55.54,76,63,25.32
395,Murmashi,RU,2022-07-21 21:55:39,68.8154,32.8115,63.01,100,40,7.0
396,Torbay,CA,2022-07-21 21:54:37,47.6666,-52.7314,75.97,69,75,16.11
397,Biak,ID,2022-07-21 21:58:51,-0.9131,122.8766,74.88,88,29,6.58
398,Port Hedland,AU,2022-07-21 21:58:51,-20.3167,118.5667,60.85,100,0,9.22
399,Lata,PT,2022-07-21 21:58:52,40.1629,-8.3327,59.54,95,37,2.08
400,Buala,SB,2022-07-21 21:58:52,-8.145,159.5921,82.17,75,81,3.96
401,Sioux Lookout,CA,2022-07-21 21:58:23,50.1001,-91.917,75.27,50,40,12.66
402,Great Bend,US,2022-07-21 21:58:53,38.3645,-98.7648,99.37,19,60,18.19
403,Mbandaka,CD,2022-07-21 21:58:53,0.0487,18.2603,72.77,84,83,1.68
404,Saint-Francois,FR,2022-07-21 21:58:53,46.4154,3.9054,65.64,77,0,2.3
405,Marawi,PH,2022-07-21 21:58:54,7.9986,124.2928,68.47,92,100,2.89
406,Bargarh,IN,2022-07-21 21:58:54,21.3333,83.6167,78.76,90,100,4.56
407,Suicheng,CN,2022-07-21 21:58:55,33.8963,117.9331,75.34,83,3,1.52
408,Lavrentiya,RU,2022-07-21 21:58:55,65.5833,-171.0,41.11,79,100,20.69
409,Maine-Soroa,NE,2022-07-21 21:58:56,13.2114,12.0241,83.28,55,52,5.44
410,Cayenne,GF,2022-07-21 21:58:56,4.9333,-52.3333,83.08,1,75,2.3
411,Montes Altos,BR,2022-07-21 21:58:57,-5.8333,-47.0667,80.49,33,61,4.27
412,Kungurtug,RU,2022-07-21 21:58:57,50.5994,97.5228,49.44,81,72,2.15
413,Kumluca,TR,2022-07-21 21:58:57,36.3703,30.2869,82.96,37,0,7.81
414,San Quintin,MX,2022-07-21 21:58:58,30.4833,-115.95,74.17,69,100,16.24
415,Khovu-Aksy,RU,2022-07-21 21:58:58,51.1333,93.6,51.37,70,46,3.49
416,Palmeirais,BR,2022-07-21 21:59:59,-5.9778,-43.0633,86.31,38,86,9.51
417,Goure,NE,2022-07-21 21:59:59,13.9835,10.2704,84.02,51,58,5.17
418,Manzhouli,CN,2022-07-21 21:59:59,49.6,117.4333,71.24,68,55,4.43
419,Llallagua,BO,2022-07-21 22:00:00,-18.4167,-66.6333,51.04,12,76,5.44
420,Uribia,CO,2022-07-21 22:00:00,11.7139,-72.266,91.06,48,94,20.4
421,Coruripe,BR,2022-07-21 21:55:45,-10.1256,-36.1756,73.04,82,66,7.4
422,Ternate,ID,2022-07-21 22:00:01,0.8,127.4,79.77,77,98,4.32
423,Dukat,RU,2022-07-21 22:00:02,62.55,155.55,52.88,52,1,8.08
424,Half Moon Bay,US,2022-07-21 22:00:02,37.4636,-122.4286,89.06,70,40,14.97
425,Yar-Sale,RU,2022-07-21 22:00:03,66.8333,70.8333,44.33,82,100,11.95
426,Mangit,UZ,2022-07-21 22:00:04,40.5971,70.9607,86.02,18,0,1.21
427,Olinda,BR,2022-07-21 22:00:05,-8.0089,-34.8553,75.09,86,100,13.02
428,Dunedin,NZ,2022-07-21 22:00:08,-45.8742,170.5036,48.79,89,93,3.0
429,Alyangula,AU,2022-07-21 22:00:09,-13.8483,136.4192,67.8,62,85,13.98
430,Kasaragod,IN,2022-07-21 22:00:10,12.5,75.0,77.18,89,60,5.73
431,Palana,RU,2022-07-21 22:00:11,59.1167,159.9667,56.66,65,5,7.87
432,Ampanihy,MG,2022-07-21 22:00:12,-24.7,44.75,62.85,83,15,6.13
433,Kavaratti,IN,2022-07-21 22:00:13,10.5669,72.642,80.92,77,100,21.36
434,Sedona,US,2022-07-21 21:57:26,34.8697,-111.761,103.66,19,0,4.61
435,Houston,US,2022-07-21 21:55:31,29.7633,-95.3633,104.34,48,40,14.97
436,Galesong,ID,2022-07-21 22:00:14,-5.3166,119.3661,75.22,87,91,9.4
437,Trairi,BR,2022-07-21 21:56:39,-3.2778,-39.2689,76.19,83,75,9.66
438,Uray,RU,2022-07-21 22:00:15,60.1247,64.7758,53.58,65,23,2.64
439,Russell,US,2022-07-21 21:58:10,32.3502,-85.1999,86.13,69,75,19.57
440,Crotone,IT,2022-07-21 22:00:16,39.0851,17.1178,80.19,52,0,5.68
441,Vila Franca Do Campo,PT,2022-07-21 22:00:17,37.7167,-25.4333,70.21,80,62,2.93
442,Rio Gallegos,AR,2022-07-21 21:55:28,-51.6226,-69.2181,33.85,69,0,23.02
443,Namtsy,RU,2022-07-21 22:00:17,62.7161,129.6658,70.81,73,60,4.61
444,Nabire,ID,2022-07-21 22:00:18,-3.3667,135.4833,76.53,87,22,2.55
445,Riyadh,SA,2022-07-21 21:58:32,24.6877,46.7219,98.74,9,42,9.89
446,Bressanone,IT,2022-07-21 22:00:19,46.715,11.656,73.18,88,80,3.13
447,Nago,JP,2022-07-21 22:00:05,26.5881,127.9761,84.63,86,13,11.5
448,Shakawe,BW,2022-07-21 22:00:20,-18.3667,21.85,60.28,48,23,6.13
449,Mbekenyera,TZ,2022-07-21 22:00:20,-10.0,38.9833,62.65,88,0,3.2
450,Brae,GB,2022-07-21 22:00:21,60.3964,-1.353,50.23,86,26,9.33
451,Winslow,US,2022-07-21 22:00:21,35.0242,-110.6974,97.16,16,95,8.75
452,Panubigan,PH,2022-07-21 22:00:22,7.4281,123.3466,78.73,84,100,4.76
453,Impfondo,CG,2022-07-21 22:00:22,1.6381,18.0667,71.82,97,90,2.44
454,San Patricio,US,2022-07-21 22:00:23,28.017,-97.5169,96.19,44,17,19.46
455,Lyuban,BY,2022-07-21 22:00:24,52.7985,28.0048,63.0,78,47,8.84
456,Iracoubo,GF,2022-07-21 22:00:24,5.4802,-53.2011,78.24,85,19,8.81
457,Bayonne,FR,2022-07-21 22:00:25,43.3333,-1.4167,72.23,83,100,11.5
458,Alta Floresta,BR,2022-07-21 22:00:25,-9.8756,-56.0861,80.33,33,0,1.07
459,Vilyuysk,RU,2022-07-21 22:00:26,63.7553,121.6247,57.25,92,96,8.23
460,Polis,CY,2022-07-21 22:00:27,35.0367,32.4264,78.62,85,0,1.01
461,Slavsk,RU,2022-07-21 22:01:27,55.0425,21.677,67.15,81,7,6.4
462,Kenai,US,2022-07-21 21:59:03,60.5544,-151.2583,56.14,91,100,1.52
463,Maldonado,UY,2022-07-21 21:59:42,-34.6667,-54.9167,50.23,93,100,5.01
464,Cadillac,US,2022-07-21 22:01:28,44.2519,-85.4012,84.11,28,0,11.5
465,Broome,US,2022-07-21 22:00:27,42.2506,-75.833,89.46,53,63,7.0
466,Una,IN,2022-07-21 22:01:28,20.8167,71.0333,80.71,80,100,14.0
467,Yerbogachen,RU,2022-07-21 22:01:29,61.2767,108.0108,60.98,78,99,3.22
468,Porto Velho,BR,2022-07-21 22:01:29,-8.7619,-63.9039,86.05,51,0,4.61
469,Goderich,CA,2022-07-21 22:01:30,43.7501,-81.7165,80.91,65,0,9.17
470,Burgeo,CA,2022-07-21 22:01:30,47.6167,-57.6152,64.89,79,69,10.74
471,Comodoro Rivadavia,AR,2022-07-21 22:01:30,-45.8667,-67.5,40.3,42,1,16.46
472,Dwarka,IN,2022-07-21 22:01:31,22.2394,68.9678,82.8,81,100,18.79
473,Auki,SB,2022-07-21 22:01:31,-8.7676,160.7034,81.93,76,96,1.97
474,Gore,NZ,2022-07-21 22:01:32,-46.1028,168.9436,41.09,93,100,0.6
475,Merauke,ID,2022-07-21 22:01:32,-8.4667,140.3333,76.42,84,29,6.8
476,Karratha,AU,2022-07-21 22:01:32,-20.7377,116.8463,68.22,84,0,6.78
477,Cabedelo,BR,2022-07-21 21:58:47,-6.9811,-34.8339,75.87,83,99,8.97
478,Rocha,UY,2022-07-21 22:01:33,-34.4833,-54.3333,49.24,92,100,6.6
479,Severobaykalsk,RU,2022-07-21 22:01:34,55.65,109.3167,53.89,83,100,0.51
480,Iwanai,JP,2022-07-21 22:01:34,42.9744,140.5089,69.94,76,73,3.98
481,Iralaya,HN,2022-07-21 22:01:34,15.0,-83.2333,82.22,77,18,9.84
482,Napanee,CA,2022-07-21 22:00:38,44.2501,-76.9494,82.94,45,24,15.84
483,Henties Bay,NA,2022-07-21 21:56:48,-22.116,14.2845,58.91,69,0,5.06
484,Grand-Santi,GF,2022-07-21 21:56:55,4.25,-54.3833,73.85,98,75,2.73
485,Zhigalovo,RU,2022-07-21 22:01:36,54.8097,105.1578,56.25,84,100,3.24
486,Tambura,SS,2022-07-21 22:01:36,5.6,27.4667,67.71,97,100,2.53
487,Ovalle,CL,2022-07-21 22:01:36,-30.5983,-71.2003,61.59,73,0,4.07
488,Ningyang,CN,2022-07-21 22:01:37,35.7642,116.7914,74.01,83,22,3.11
489,Kuytun,RU,2022-07-21 22:01:37,54.3419,101.5036,52.97,85,69,7.11
490,Touros,BR,2022-07-21 21:57:15,-5.1989,-35.4608,76.14,82,100,9.1
491,Klyuchi,RU,2022-07-21 22:01:38,52.2667,79.1667,65.23,65,11,9.04
492,Tiznit,MA,2022-07-21 22:01:38,29.5833,-9.5,89.35,21,30,2.33
493,Benguela,AO,2022-07-21 22:01:39,-12.5763,13.4055,67.84,85,70,4.92
494,Carahue,CL,2022-07-21 22:01:39,-38.7,-73.1667,47.88,92,100,3.24
495,Tigil,RU,2022-07-21 22:01:39,57.8,158.6667,69.03,53,13,7.78
496,Vao,NC,2022-07-21 22:01:40,-22.6667,167.4833,73.62,90,32,18.66
497,Tema,GH,2022-07-21 22:00:11,5.667,-0.0166,75.15,72,15,9.26
498,Salalah,OM,2022-07-21 22:01:40,17.0151,54.0924,76.46,93,84,7.83
499,Caala,AO,2022-07-21 22:01:41,-12.8525,15.5606,58.03,36,19,1.99
500,Kaffrine,SN,2022-07-21 22:01:41,14.1059,-15.5508,82.35,75,100,7.07
501,Mount Isa,AU,2022-07-21 21:56:48,-20.7333,139.5,44.37,49,0,8.05
502,Texarkana,US,2022-07-21 22:01:42,33.4251,-94.0477,96.24,62,0,21.0
503,Alofi,NU,2022-07-21 21:57:13,-19.0595,-169.9187,78.69,69,40,8.05
504,Genhe,CN,2022-07-21 22:01:42,50.7833,121.5167,66.07,76,21,1.77
505,Ust-Nera,RU,2022-07-21 22:00:30,64.5667,143.2,63.79,65,49,6.2
506,Xiantao,CN,2022-07-21 22:02:43,30.3833,113.4,79.92,83,97,9.08
507,Suntar,RU,2022-07-21 22:02:43,62.1444,117.6319,58.21,96,100,2.59
508,Mount Gambier,AU,2022-07-21 22:02:44,-37.8333,140.7667,47.77,86,100,9.57
509,Kamenka,RU,2022-07-21 22:02:44,51.3223,42.7678,57.2,87,100,5.12
510,Hudson Bay,CA,2022-07-21 22:02:45,52.85,-102.3842,72.63,46,85,11.77
511,Vila Velha,BR,2022-07-21 22:00:28,-20.3297,-40.2925,71.94,88,13,2.68
512,Najran,SA,2022-07-21 22:02:45,17.4924,44.1277,83.41,35,69,1.25
513,Kabalo,CD,2022-07-21 22:02:46,-6.05,26.9167,76.35,45,9,3.87
514,Tromso,NO,2022-07-21 22:02:46,69.6496,18.957,51.82,93,40,3.44
515,Trelew,AR,2022-07-21 22:02:47,-43.249,-65.3051,44.83,53,100,12.15
516,Malakal,SS,2022-07-21 22:00:14,9.5334,31.6605,71.85,85,100,2.93
517,Dickinson,US,2022-07-21 22:00:05,29.4608,-95.0513,101.08,63,37,10.0
518,Kembe,CF,2022-07-21 22:02:47,4.6228,21.8865,69.46,98,99,2.24
519,Linxia,CN,2022-07-21 22:02:48,35.6003,103.2064,47.8,85,1,3.85
520,Naryan-Mar,RU,2022-07-21 22:02:48,67.6713,53.087,41.77,89,78,8.1
521,Watsa,CD,2022-07-21 22:02:48,3.0372,29.5355,62.98,98,25,1.7
522,Aiquile,BO,2022-07-21 22:02:49,-18.2041,-65.1807,66.29,33,98,4.61
523,Adrar,MR,2022-07-21 21:59:50,20.5022,-10.0711,93.76,30,88,0.69
524,Itaituba,BR,2022-07-21 22:02:21,-4.2761,-55.9836,79.57,68,77,1.34
525,Margate,GB,2022-07-21 22:01:30,51.3813,1.3862,65.3,78,16,5.01
526,Asfi,MA,2022-07-21 22:02:50,32.2994,-9.2372,79.32,60,100,13.42
527,Akdepe,TM,2022-07-21 22:02:50,42.0551,59.3788,90.82,21,1,7.56
528,Hambantota,LK,2022-07-21 22:01:27,6.1241,81.1185,77.34,100,40,4.61
529,Camapua,BR,2022-07-21 22:02:51,-19.5314,-54.0439,76.95,28,32,3.11
530,Boysun,UZ,2022-07-21 22:02:51,38.2061,67.1986,81.5,21,0,4.92
531,Avera,US,2022-07-21 22:02:52,33.194,-82.5271,89.55,63,100,9.06
532,Keetmanshoop,NA,2022-07-21 22:02:52,-26.5833,18.1333,60.49,30,0,11.16
533,Laureles,US,2022-07-21 22:02:53,26.1092,-97.4941,96.94,60,0,24.16
534,Hulan,CN,2022-07-21 22:02:53,45.9833,126.6,70.16,74,9,8.39
535,Barra Patuca,HN,2022-07-21 22:02:53,15.8,-84.2833,83.35,73,9,9.75
536,Rio Grande,BR,2022-07-21 22:02:54,-32.035,-52.0986,61.95,99,100,9.86
537,Bilibino,RU,2022-07-21 21:58:00,68.0546,166.4372,45.12,59,98,6.13
538,Tabuk,PH,2022-07-21 22:02:54,17.4189,121.4443,75.11,90,2,3.71
539,Talakan,RU,2022-07-21 22:02:55,50.3167,130.3667,64.99,97,95,2.62
540,Labuhan,ID,2022-07-21 22:02:55,-6.8844,112.2051,75.2,84,93,8.88
541,Moron,AR,2022-07-21 22:02:55,-34.6534,-58.6198,55.94,80,100,8.81
