City_ID,City,Date,Lat,Lng,Max Temp,Humidity,Cloudiness,Wind Speed,Current Description
0,Padang,2022-08-10 04:15:37,-0.9492,100.3543,87.85,66,78,4.36,broken clouds
1,Bambous Virieux,2022-08-10 04:15:37,-20.3428,57.7575,70.21,73,75,16.11,broken clouds
2,Vaini,2022-08-10 04:15:37,-21.2,-175.2,78.96,94,40,9.22,scattered clouds
3,Tupiza,2022-08-10 04:15:38,-21.45,-65.7167,38.28,19,0,2.98,clear sky
4,Busselton,2022-08-10 04:15:38,-33.65,115.3333,57.34,72,98,12.53,overcast clouds
5,Ponta Do Sol,2022-08-10 04:15:39,32.6667,-17.1,70.72,87,15,6.67,few clouds
6,Bambanglipuro,2022-08-10 04:15:39,-7.95,110.2833,81.3,76,87,13.42,overcast clouds
7,Karwar,2022-08-10 04:15:39,14.8,74.1333,78.53,86,99,19.48,overcast clouds
8,Butaritari,2022-08-10 04:15:40,3.0707,172.7902,81.84,75,11,13.0,light rain
9,Cape Town,2022-08-10 04:11:24,-33.9258,18.4232,56.1,91,78,4.0,broken clouds
10,Broken Hill,2022-08-10 04:15:40,-31.95,141.4333,57.97,36,100,19.95,moderate rain
11,Ancud,2022-08-10 04:15:41,-41.8697,-73.8203,46.22,83,100,4.07,overcast clouds
12,Klaksvik,2022-08-10 04:15:41,62.2266,-6.589,54.52,96,100,29.8,light rain
13,Barrow,2022-08-10 04:15:42,71.2906,-156.7887,42.82,81,100,16.11,light rain
14,Sur,2022-08-10 04:15:42,22.5667,59.5289,91.74,50,100,5.68,overcast clouds
15,Ushuaia,2022-08-10 04:11:31,-54.8,-68.3,40.66,81,40,9.22,scattered clouds
16,Tongren,2022-08-10 04:15:43,27.7172,109.1853,92.86,47,67,7.38,broken clouds
17,Tegal,2022-08-10 04:15:43,-6.8694,109.1402,87.46,56,71,1.07,broken clouds
18,Tuktoyaktuk,2022-08-10 04:15:44,69.4541,-133.0374,48.2,81,100,23.02,overcast clouds
19,Berdsk,2022-08-10 04:15:44,54.7551,83.0967,74.8,57,2,9.93,clear sky
20,Ribeira Grande,2022-08-10 04:15:44,38.5167,-28.7,73.26,78,15,2.46,few clouds
21,Ahipara,2022-08-10 04:15:45,-35.1667,173.1667,57.61,61,76,2.71,broken clouds
22,Luanda,2022-08-10 04:15:45,-8.8368,13.2343,66.2,94,75,9.22,broken clouds
23,Mahebourg,2022-08-10 04:15:46,-20.4081,57.7,70.25,73,75,16.11,broken clouds
24,Punta Arenas,2022-08-10 04:15:46,-53.15,-70.9167,39.31,87,75,12.66,broken clouds
25,Albany,2022-08-10 04:14:11,42.6001,-73.9662,68.41,82,24,2.84,few clouds
26,Boa Vista,2022-08-10 04:15:47,2.8197,-60.6733,82.38,65,40,2.3,scattered clouds
27,Hobart,2022-08-10 04:13:07,-42.8794,147.3294,55.26,55,40,10.36,scattered clouds
28,Walvis Bay,2022-08-10 04:15:47,-22.9575,14.5053,51.1,100,0,2.3,clear sky
29,Rikitea,2022-08-10 04:15:48,-23.1203,-134.9692,73.51,79,100,18.88,overcast clouds
30,Adrar,2022-08-10 04:15:48,20.5022,-10.0711,90.75,10,27,20.02,scattered clouds
31,Bethel,2022-08-10 04:15:48,41.3712,-73.414,80.96,74,100,4.61,overcast clouds
32,Lagoa,2022-08-10 04:15:49,39.05,-27.9833,70.97,81,40,9.22,scattered clouds
33,Anadyr,2022-08-10 04:15:49,64.75,177.4833,68.5,52,0,13.42,clear sky
34,Fratautii Noi,2022-08-10 04:15:50,47.9426,25.8447,59.41,95,100,7.76,light rain
35,Khatanga,2022-08-10 04:15:50,71.9667,102.5,57.96,58,94,18.66,light rain
36,Kahului,2022-08-10 04:15:50,20.8947,-156.47,84.22,66,20,26.46,few clouds
37,Whitehorse,2022-08-10 04:15:28,60.7161,-135.0538,63.37,44,75,11.5,broken clouds
38,Pevek,2022-08-10 04:15:51,69.7008,170.3133,41.47,99,100,2.42,overcast clouds
39,Kudahuvadhoo,2022-08-10 04:15:51,2.6708,72.8944,81.46,75,88,4.18,overcast clouds
40,Val,2022-08-10 04:15:51,47.3626,18.6793,67.68,57,41,7.07,scattered clouds
41,Talnakh,2022-08-10 04:15:52,69.4865,88.3972,54.99,65,72,11.43,broken clouds
42,Port Alfred,2022-08-10 04:15:52,-33.5906,26.891,58.17,88,60,5.01,broken clouds
43,Saskylakh,2022-08-10 04:15:53,71.9167,114.0833,54.72,88,100,10.63,light rain
44,Nouadhibou,2022-08-10 04:15:53,20.931,-17.0347,73.38,78,3,11.5,clear sky
45,Faya,2022-08-10 04:15:53,18.3851,42.4509,64.51,80,98,7.36,overcast clouds
46,Farah,2022-08-10 04:15:54,32.5,62.5,85.42,17,0,9.24,clear sky
47,Mataura,2022-08-10 04:16:54,-46.1927,168.8643,47.48,69,100,2.17,overcast clouds
48,Yellowknife,2022-08-10 04:16:55,62.456,-114.3525,64.92,59,75,12.66,broken clouds
49,Esperance,2022-08-10 04:16:55,-33.8667,121.9,55.31,70,87,26.15,overcast clouds
50,Otradnoye,2022-08-10 04:16:55,59.7775,30.8181,60.85,71,47,1.59,scattered clouds
51,Samarai,2022-08-10 04:16:56,-10.6167,150.6667,78.66,80,100,21.39,overcast clouds
52,Bengkulu,2022-08-10 04:16:56,-3.8004,102.2655,83.23,68,61,3.4,broken clouds
53,Cherskiy,2022-08-10 04:16:56,68.75,161.3,62.22,60,75,11.05,broken clouds
54,Beringovskiy,2022-08-10 04:12:23,63.05,179.3167,59.36,62,57,22.37,broken clouds
55,Port Lincoln,2022-08-10 04:16:57,-34.7333,135.8667,58.42,60,100,20.58,overcast clouds
56,Oranjestad,2022-08-10 04:15:33,12.524,-70.027,80.94,88,29,24.85,scattered clouds
57,Takoradi,2022-08-10 04:16:57,4.8845,-1.7554,72.77,91,66,7.74,broken clouds
58,Kapaa,2022-08-10 04:16:58,22.0752,-159.319,82.38,87,75,11.5,broken clouds
59,Port Hardy,2022-08-10 04:16:58,50.6996,-127.4199,59.18,82,0,8.05,fog
60,Lagos,2022-08-10 04:16:58,6.5833,3.75,75.52,91,84,4.27,broken clouds
61,Dali,2022-08-10 04:16:59,25.7,100.1833,78.01,51,0,2.64,clear sky
62,Saldanha,2022-08-10 04:16:59,-33.0117,17.9442,55.45,93,43,9.15,scattered clouds
63,Avarua,2022-08-10 04:16:59,-21.2078,-159.775,75.25,69,40,8.05,scattered clouds
64,Balkanabat,2022-08-10 04:17:00,39.5108,54.3671,87.55,37,48,12.21,scattered clouds
65,Kruisfontein,2022-08-10 04:17:00,-34.0033,24.7314,55.89,91,82,10.74,broken clouds
66,Yumen,2022-08-10 04:17:00,40.2833,97.2,84.9,37,9,17.6,clear sky
67,Bluff,2022-08-10 04:17:01,-46.6,168.3333,47.8,70,89,8.01,overcast clouds
68,Mantua,2022-08-10 04:17:01,45.1667,10.7833,78.04,71,18,5.01,few clouds
69,Wakkanai,2022-08-10 04:17:02,45.4094,141.6739,80.58,47,20,17.27,few clouds
70,Lac Du Bonnet,2022-08-10 04:15:05,50.2536,-96.0612,57.99,81,0,2.55,clear sky
71,Thompson,2022-08-10 04:17:02,55.7435,-97.8558,51.96,93,75,8.05,broken clouds
72,Puerto Ayora,2022-08-10 04:16:59,-0.7393,-90.3518,69.55,91,87,7.0,overcast clouds
73,Arak,2022-08-10 04:15:08,34.0917,49.6892,74.16,57,0,16.11,clear sky
74,Deputatskiy,2022-08-10 04:17:03,69.3,139.9,64.2,40,0,1.95,clear sky
75,Tapikan,2022-08-10 04:17:03,6.8519,124.3225,84.29,64,43,2.59,scattered clouds
76,Nikolskoye,2022-08-10 04:17:04,59.7035,30.7861,60.69,71,44,1.34,scattered clouds
77,Waipawa,2022-08-10 04:17:04,-41.4122,175.5153,43.02,70,100,7.9,overcast clouds
78,Touros,2022-08-10 04:17:05,-5.1989,-35.4608,72.1,89,4,11.21,clear sky
79,Poum,2022-08-10 04:17:05,-20.2333,164.0167,71.69,56,7,22.91,clear sky
80,Dikson,2022-08-10 04:17:05,73.5069,80.5464,40.33,83,100,14.67,overcast clouds
81,Jamestown,2022-08-10 04:13:36,42.097,-79.2353,63.99,74,75,1.01,broken clouds
82,Santa Isabel Do Rio Negro,2022-08-10 04:17:06,-0.4139,-65.0192,74.01,92,94,2.19,overcast clouds
83,Saint George,2022-08-10 04:15:29,37.1041,-113.5841,83.95,46,40,10.36,scattered clouds
84,Ormond Beach,2022-08-10 04:17:07,29.2858,-81.0559,82.09,91,75,0.0,broken clouds
85,Veraval,2022-08-10 04:17:07,20.9,70.3667,81.59,88,100,19.1,overcast clouds
86,Labuhan,2022-08-10 04:17:08,-6.8844,112.2051,88.23,55,93,4.54,overcast clouds
87,Kununurra,2022-08-10 04:16:34,-15.7667,128.7333,93.18,22,37,6.91,scattered clouds
88,Goderich,2022-08-10 04:17:08,43.7501,-81.7165,58.91,94,2,4.61,clear sky
89,Arraial Do Cabo,2022-08-10 04:17:09,-22.9661,-42.0278,69.67,92,100,17.25,overcast clouds
90,Silver City,2022-08-10 04:17:09,32.7701,-108.2803,69.76,70,40,0.0,scattered clouds
91,Yulara,2022-08-10 04:18:10,-25.2406,130.9889,53.42,79,100,9.51,light rain
92,Severo-Kurilsk,2022-08-10 04:18:10,50.6789,156.125,55.72,98,100,14.54,overcast clouds
93,Kaitangata,2022-08-10 04:18:10,-46.2817,169.8464,45.59,66,98,5.68,overcast clouds
94,Georgetown,2022-08-10 04:18:11,5.4112,100.3354,89.53,71,20,6.91,haze
95,Oussouye,2022-08-10 04:18:11,12.485,-16.5469,78.17,90,78,6.06,broken clouds
96,Mogadishu,2022-08-10 04:18:12,2.0371,45.3438,75.72,88,95,16.08,light rain
97,Flinders,2022-08-10 04:18:12,-34.5833,150.8552,64.18,69,56,4.0,broken clouds
98,Mugumu,2022-08-10 04:18:13,-1.85,34.7,60.76,63,38,4.83,scattered clouds
99,Pocoes,2022-08-10 04:18:13,-14.5297,-40.3653,55.18,97,26,2.53,scattered clouds
100,Luganville,2022-08-10 04:18:13,-15.5333,167.1667,79.75,81,28,6.62,scattered clouds
101,Castro,2022-08-10 04:18:14,-24.7911,-50.0119,52.52,96,100,8.52,overcast clouds
102,Atuona,2022-08-10 04:18:14,-9.8,-139.0333,77.56,68,3,19.33,clear sky
103,Tutoia,2022-08-10 04:18:15,-2.7619,-42.2744,77.31,87,11,10.89,few clouds
104,Osypenko,2022-08-10 04:18:15,46.9136,36.8253,77.5,35,91,11.3,overcast clouds
105,Batagay-Alyta,2022-08-10 04:18:15,67.8006,130.4114,68.99,46,7,5.01,clear sky
106,Saint-Philippe,2022-08-10 04:18:16,-21.3585,55.7679,67.59,77,92,16.96,overcast clouds
107,Kyzyl-Suu,2022-08-10 04:18:16,42.3414,78.0056,67.46,62,77,5.84,broken clouds
108,Qaanaaq,2022-08-10 04:18:17,77.484,-69.3632,32.04,64,0,5.08,clear sky
109,Torbay,2022-08-10 04:15:09,47.6666,-52.7314,57.27,95,100,21.85,moderate rain
110,Nikolayevsk-Na-Amure,2022-08-10 04:18:17,53.1406,140.73,68.7,71,96,1.21,light rain
111,Aklavik,2022-08-10 04:18:17,68.2191,-135.0107,51.6,49,98,11.63,overcast clouds
112,Kenai,2022-08-10 04:18:18,60.5544,-151.2583,56.03,86,100,4.61,overcast clouds
113,Mount Isa,2022-08-10 04:18:18,-20.7333,139.5,80.37,18,7,6.91,clear sky
114,Honningsvag,2022-08-10 04:17:00,70.9821,25.9704,51.55,76,0,11.5,clear sky
115,Reconquista,2022-08-10 04:18:19,-29.15,-59.65,45.91,93,24,5.93,few clouds
116,Hilo,2022-08-10 04:18:19,19.7297,-155.09,85.28,83,75,3.44,broken clouds
117,Hermanus,2022-08-10 04:18:20,-34.4187,19.2345,57.79,79,93,11.65,overcast clouds
118,Clearwater,2022-08-10 04:15:05,27.9659,-82.8001,78.78,85,0,4.61,clear sky
119,Sao Joao Da Barra,2022-08-10 04:18:20,-21.6403,-41.0511,70.79,93,61,10.96,broken clouds
120,Sao Filipe,2022-08-10 04:18:21,14.8961,-24.4956,78.94,87,88,1.05,overcast clouds
121,Bend,2022-08-10 04:14:36,44.0582,-121.3153,68.47,83,0,6.91,clear sky
122,Bereda,2022-08-10 04:18:21,43.2686,-7.5406,63.14,100,38,1.54,scattered clouds
123,Norman Wells,2022-08-10 04:18:22,65.282,-126.8329,60.84,88,75,14.97,broken clouds
124,Pisco,2022-08-10 04:18:22,-13.7,-76.2167,59.05,88,100,5.75,mist
125,Severo-Yeniseyskiy,2022-08-10 04:18:22,60.3725,93.0408,63.52,73,93,5.59,overcast clouds
126,Prieska,2022-08-10 04:18:23,-29.6641,22.7474,52.25,36,5,4.47,clear sky
127,Ustka,2022-08-10 04:18:23,54.5805,16.8619,56.64,83,8,2.93,clear sky
128,Sereflikochisar,2022-08-10 04:18:24,38.9393,33.5386,72.36,44,0,5.64,clear sky
129,Clyde River,2022-08-10 04:18:24,70.4692,-68.5914,39.43,75,0,11.5,clear sky
130,Bilma,2022-08-10 04:18:24,18.6853,12.9164,90.81,33,44,4.41,scattered clouds
131,Andenes,2022-08-10 04:17:15,69.3143,16.1194,53.58,87,75,17.27,light rain
132,Chenghai,2022-08-10 04:18:25,23.4632,116.768,78.71,94,75,8.95,light intensity shower rain
133,La Ronge,2022-08-10 04:15:05,55.1001,-105.2842,59.25,58,0,6.91,clear sky
134,Klyuchi,2022-08-10 04:18:25,52.2667,79.1667,67.15,71,100,5.82,light rain
135,Cabatuan,2022-08-10 04:18:26,10.8794,122.486,86.13,68,96,2.82,overcast clouds
136,Vestmannaeyjar,2022-08-10 04:18:26,63.4427,-20.2734,52.02,91,100,22.95,overcast clouds
137,Gornoye Loo,2022-08-10 04:18:26,43.7129,39.6049,73.18,60,15,3.58,few clouds
138,Havre-Saint-Pierre,2022-08-10 04:18:27,50.2334,-63.5986,51.8,87,0,4.61,clear sky
139,Beloha,2022-08-10 04:19:27,-25.1667,45.05,62.74,88,0,9.48,clear sky
140,Akom,2022-08-10 04:19:28,2.6678,12.7109,69.26,94,100,3.78,overcast clouds
141,Assai,2022-08-10 04:19:28,-23.3733,-50.8414,55.26,90,100,10.63,overcast clouds
142,Tasiilaq,2022-08-10 04:19:28,65.6145,-37.6368,39.36,91,89,5.88,overcast clouds
143,Tilichiki,2022-08-10 04:19:29,60.4667,166.1,55.56,77,100,19.62,overcast clouds
144,Upernavik,2022-08-10 04:19:29,72.7868,-56.1549,40.42,94,100,19.89,overcast clouds
145,New Norfolk,2022-08-10 04:19:30,-42.7826,147.0587,54.91,37,18,3.62,few clouds
146,Waingapu,2022-08-10 04:19:30,-9.6567,120.2641,87.1,60,90,15.41,overcast clouds
147,Koutiala,2022-08-10 04:19:30,12.3917,-5.4642,71.56,92,100,12.59,light rain
148,Lillooet,2022-08-10 04:15:05,50.6856,-121.942,79.03,40,13,2.57,few clouds
149,Petropavlovsk-Kamchatskiy,2022-08-10 04:19:31,53.0452,158.6483,55.99,100,100,11.18,light intensity shower rain
150,Fortuna,2022-08-10 04:19:31,40.5982,-124.1573,61.99,88,0,4.61,clear sky
151,Cocal,2022-08-10 04:19:32,-28.6167,-49.35,56.41,97,100,9.06,overcast clouds
152,Mae Sai,2022-08-10 04:19:32,20.4335,99.8762,84.54,68,58,2.3,broken clouds
153,Plettenberg Bay,2022-08-10 04:19:32,-34.0527,23.3716,55.78,81,84,5.32,broken clouds
154,Hithadhoo,2022-08-10 04:19:33,-0.6,73.0833,81.93,74,32,7.56,scattered clouds
155,Neyshabur,2022-08-10 04:19:33,36.2133,58.7958,75.96,26,0,0.6,clear sky
156,Sungairaya,2022-08-10 04:19:34,0.7,108.9,88.75,60,61,5.26,broken clouds
157,Port Elizabeth,2022-08-10 04:19:34,-33.918,25.5701,58.32,93,20,14.97,few clouds
158,Ilulissat,2022-08-10 04:19:35,69.2167,-51.1,41.02,87,100,6.91,overcast clouds
159,Cubuk,2022-08-10 04:19:35,40.2386,33.0322,68.77,72,0,2.3,clear sky
160,Khislavichi,2022-08-10 04:19:35,54.1871,32.1582,59.14,73,100,6.31,overcast clouds
161,Mpika,2022-08-10 04:19:36,-11.8343,31.4529,50.04,78,0,3.89,clear sky
162,Kavieng,2022-08-10 04:19:36,-2.5744,150.7967,80.08,81,94,6.96,moderate rain
163,Luderitz,2022-08-10 04:19:36,-26.6481,15.1594,54.1,82,5,8.34,clear sky
164,Tuatapere,2022-08-10 04:19:37,-46.1333,167.6833,45.68,75,100,1.5,overcast clouds
165,Vanavara,2022-08-10 04:19:37,60.34,102.2797,68.49,57,41,3.49,scattered clouds
166,Mar Del Plata,2022-08-10 04:19:38,-38.0023,-57.5575,44.94,90,0,8.01,clear sky
167,Boundiali,2022-08-10 04:16:09,9.5217,-6.4869,69.82,98,100,3.38,light rain
168,Rawson,2022-08-10 04:19:38,-43.3002,-65.1023,49.1,48,97,6.33,overcast clouds
169,Morros,2022-08-10 04:19:39,-9.4467,-46.3003,70.32,35,0,3.89,clear sky
170,Shelburne,2022-08-10 04:19:39,44.0787,-80.2041,56.23,85,10,3.22,clear sky
171,Vilyuysk,2022-08-10 04:19:40,63.7553,121.6247,68.77,51,68,8.14,broken clouds
172,Saint-Francois,2022-08-10 04:19:40,46.4154,3.9054,57.67,82,0,2.3,clear sky
173,Teguldet,2022-08-10 04:19:41,57.3064,88.1667,73.26,54,22,2.73,few clouds
174,Bukama,2022-08-10 04:19:41,-9.2,25.85,66.7,33,3,3.27,clear sky
175,Mandera,2022-08-10 04:19:41,3.9366,41.867,75.07,68,100,17.58,overcast clouds
176,Constitucion,2022-08-10 04:19:42,-35.3333,-72.4167,50.09,63,100,4.23,overcast clouds
177,Krasnoselkup,2022-08-10 04:19:42,65.7,82.4667,62.94,49,48,14.29,scattered clouds
178,Iralaya,2022-08-10 04:19:42,15.0,-83.2333,80.51,88,100,13.22,overcast clouds
179,Sistranda,2022-08-10 04:19:43,63.7256,8.834,58.96,84,100,30.18,overcast clouds
180,Pokhara,2022-08-10 04:19:43,28.2333,83.9833,79.09,88,83,5.82,broken clouds
181,San Francisco,2022-08-10 04:18:42,37.7749,-122.4194,66.99,88,20,13.8,few clouds
182,Dalby,2022-08-10 04:19:44,-27.1833,151.2667,65.28,37,2,9.57,clear sky
183,Upata,2022-08-10 04:19:44,8.0086,-62.3989,74.19,98,99,2.62,overcast clouds
184,Kaduna,2022-08-10 04:20:45,10.5222,7.4383,69.1,97,29,3.38,scattered clouds
185,Sao Gabriel Da Cachoeira,2022-08-10 04:20:04,-0.1303,-67.0892,74.03,88,56,1.52,broken clouds
186,Iranshahr,2022-08-10 04:20:45,27.2025,60.6848,95.34,31,0,6.91,clear sky
187,Parrita,2022-08-10 04:20:46,9.5201,-84.3225,78.49,87,100,2.1,overcast clouds
188,Nagato,2022-08-10 04:20:46,34.3833,131.2,87.55,68,100,12.73,overcast clouds
189,Bataipora,2022-08-10 04:20:46,-22.2953,-53.2711,52.3,90,48,8.7,scattered clouds
190,Havoysund,2022-08-10 04:20:47,70.9963,24.6622,52.03,77,89,5.14,overcast clouds
191,Lata,2022-08-10 04:20:47,40.1629,-8.3327,63.5,86,0,2.66,clear sky
192,Saanen,2022-08-10 04:20:48,46.4896,7.2596,61.79,80,5,4.05,clear sky
193,Gariadhar,2022-08-10 04:20:48,21.5333,71.5833,82.02,80,92,13.13,overcast clouds
194,Kodiak,2022-08-10 04:20:49,57.79,-152.4072,54.91,88,100,11.5,moderate rain
195,Necochea,2022-08-10 04:20:49,-38.5473,-58.7368,42.17,71,35,9.35,scattered clouds
196,Tianjin,2022-08-10 04:16:06,39.1422,117.1767,82.35,54,0,6.71,clear sky
197,Pangody,2022-08-10 04:20:50,65.85,74.4859,57.45,50,54,12.55,broken clouds
198,Arlit,2022-08-10 04:20:50,18.7369,7.3853,90.09,37,43,8.3,scattered clouds
199,Hirara,2022-08-10 04:20:50,24.8,125.2833,86.27,79,40,8.05,scattered clouds
200,Lentekhi,2022-08-10 04:20:51,42.7856,42.7261,72.0,60,29,2.95,scattered clouds
201,Laguna,2022-08-10 04:20:51,38.421,-121.4238,75.4,56,0,10.36,clear sky
202,Altagracia De Orituco,2022-08-10 04:20:52,9.8601,-66.3814,71.87,96,98,3.36,overcast clouds
203,Cockburn Town,2022-08-10 04:20:52,21.4612,-71.1419,81.03,82,0,19.06,clear sky
204,Neman,2022-08-10 04:20:52,55.0311,22.0264,53.71,90,4,3.53,clear sky
205,Verkhnevilyuysk,2022-08-10 04:20:53,63.4453,120.3167,68.18,53,92,6.78,overcast clouds
206,East London,2022-08-10 04:17:05,-33.0153,27.9116,65.34,48,0,9.22,clear sky
207,Kurmanayevka,2022-08-10 04:20:53,52.5093,52.0675,75.47,61,34,5.06,scattered clouds
208,Faanui,2022-08-10 04:20:54,-16.4833,-151.75,74.75,76,30,3.11,light rain
209,Christchurch,2022-08-10 04:19:14,-43.5333,172.6333,47.41,52,6,2.3,clear sky
210,Nemuro,2022-08-10 04:20:54,43.3236,145.575,66.07,98,100,9.42,light rain
211,Seoul,2022-08-10 04:19:04,37.5683,126.9778,85.39,65,75,4.61,broken clouds
212,Aleksandrov Gay,2022-08-10 04:20:55,50.147,48.5704,80.92,37,0,6.58,clear sky
213,Neftcala,2022-08-10 04:20:55,39.3742,49.2472,80.53,57,0,8.7,clear sky
214,Shalinskoye,2022-08-10 04:20:56,55.7228,93.7594,72.45,45,48,5.17,scattered clouds
215,Longyearbyen,2022-08-10 04:20:56,78.2186,15.6401,46.24,76,75,3.44,broken clouds
216,Novobirilyussy,2022-08-10 04:20:07,56.9514,90.6661,72.48,54,49,4.83,scattered clouds
217,Hope,2022-08-10 04:20:56,33.6671,-93.5916,75.25,88,58,3.22,broken clouds
218,Pimenta Bueno,2022-08-10 04:16:57,-11.6725,-61.1936,63.88,91,100,9.04,overcast clouds
219,Indiana,2022-08-10 04:20:57,40.0003,-86.2503,70.97,93,100,3.44,overcast clouds
220,Mbandaka,2022-08-10 04:20:57,0.0487,18.2603,71.4,80,18,2.84,few clouds
221,Baruun-Urt,2022-08-10 04:20:58,46.6806,113.2792,59.7,80,100,3.09,overcast clouds
222,Broome,2022-08-10 04:20:58,42.2506,-75.833,66.58,94,100,5.75,overcast clouds
223,Tanete,2022-08-10 04:20:58,-3.9443,119.7848,76.55,91,100,6.58,overcast clouds
224,Grindavik,2022-08-10 04:20:59,63.8424,-22.4338,48.67,100,100,19.57,overcast clouds
225,Komsomolskiy,2022-08-10 04:20:59,40.4272,71.7189,83.12,30,41,9.22,scattered clouds
226,Kuningan,2022-08-10 04:20:59,-6.9758,108.4831,82.2,60,78,8.25,broken clouds
227,Bredasdorp,2022-08-10 04:21:00,-34.5322,20.0403,51.55,76,90,8.55,overcast clouds
228,Orvieto,2022-08-10 04:22:00,42.7195,12.1116,68.27,77,1,6.11,clear sky
229,Halifax,2022-08-10 04:21:01,44.6453,-63.5724,64.47,91,98,9.22,overcast clouds
230,Airai,2022-08-10 04:22:01,-8.9266,125.4092,74.55,48,26,4.99,scattered clouds
231,Rockport,2022-08-10 04:22:01,28.0206,-97.0544,86.02,82,0,11.5,clear sky
232,Zapolyarnyy,2022-08-10 04:22:02,69.4154,30.8136,54.68,87,100,4.21,overcast clouds
233,Guiratinga,2022-08-10 04:22:02,-16.3494,-53.7583,61.88,89,100,9.1,overcast clouds
234,Karratha,2022-08-10 04:22:02,-20.7377,116.8463,76.87,24,0,13.2,clear sky
235,Ambulu,2022-08-10 04:22:03,-8.345,113.6058,84.38,67,86,7.78,overcast clouds
236,Asau,2022-08-10 04:22:03,46.4333,26.4,60.28,98,100,4.41,overcast clouds
237,Sioux Lookout,2022-08-10 04:22:04,50.1001,-91.917,62.67,72,0,8.05,clear sky
238,Kattivakkam,2022-08-10 04:22:04,13.2167,80.3167,91.49,64,76,21.43,broken clouds
239,Isangel,2022-08-10 04:22:05,-19.55,169.2667,72.45,71,92,17.38,overcast clouds
240,Lake Havasu City,2022-08-10 04:20:58,34.4839,-114.3224,95.0,38,0,4.61,clear sky
241,Yazoo City,2022-08-10 04:22:05,32.8551,-90.4056,75.7,98,91,5.26,overcast clouds
242,Berlevag,2022-08-10 04:17:17,70.8578,29.0864,53.6,82,100,5.75,overcast clouds
243,Camopi,2022-08-10 04:22:06,3.1655,-52.3158,71.04,99,47,2.3,scattered clouds
244,Offa,2022-08-10 04:22:06,8.15,4.7167,72.39,94,100,6.49,overcast clouds
245,Vila Velha,2022-08-10 04:22:06,-20.3297,-40.2925,71.55,88,40,6.91,scattered clouds
246,Dzilam Gonzalez,2022-08-10 04:22:07,21.2833,-88.9333,73.63,97,100,2.01,overcast clouds
247,Hvide Sande,2022-08-10 04:22:07,56.0045,8.1294,56.08,83,99,5.03,overcast clouds
248,Vardo,2022-08-10 04:22:08,70.3705,31.1107,53.58,87,100,8.05,overcast clouds
249,Chuy,2022-08-10 04:22:08,-33.6971,-53.4616,45.7,79,0,6.67,clear sky
250,Avera,2022-08-10 04:22:08,33.194,-82.5271,76.55,73,99,2.15,overcast clouds
251,Daigo,2022-08-10 04:22:09,36.7667,140.35,92.46,53,98,6.11,overcast clouds
252,Asyut,2022-08-10 04:22:10,27.181,31.1837,83.59,38,0,9.95,clear sky
253,Nanortalik,2022-08-10 04:22:10,60.1432,-45.2371,41.85,91,89,12.24,overcast clouds
254,Kloulklubed,2022-08-10 04:22:11,7.0419,134.2556,84.7,69,79,11.34,broken clouds
255,Erenhot,2022-08-10 04:22:11,43.6475,111.9767,88.99,23,2,11.34,clear sky
256,Mount Gambier,2022-08-10 04:22:11,-37.8333,140.7667,53.1,66,100,12.82,overcast clouds
257,Solenzo,2022-08-10 04:22:12,12.1833,-4.0833,73.38,93,100,4.68,overcast clouds
258,Henties Bay,2022-08-10 04:22:12,-22.116,14.2845,52.32,94,7,4.99,clear sky
259,Tiksi,2022-08-10 04:22:13,71.6872,128.8694,59.86,54,51,14.03,broken clouds
260,Jalu,2022-08-10 04:22:13,29.0331,21.5482,78.24,60,0,9.13,clear sky
261,Rio Grande,2022-08-10 04:22:13,-32.035,-52.0986,47.95,75,100,15.1,overcast clouds
262,Remedios,2022-08-10 04:22:14,22.4947,-79.5458,79.72,88,68,12.08,broken clouds
263,Oranzherei,2022-08-10 04:22:14,45.8476,47.5663,81.68,36,1,9.19,clear sky
264,Vostok,2022-08-10 04:22:15,46.4856,135.8833,75.56,35,50,11.86,scattered clouds
265,Martaban,2022-08-10 04:22:15,16.5314,97.6111,80.08,83,100,7.94,overcast clouds
266,Wheatley,2022-08-10 04:22:15,51.7473,-1.1394,58.05,83,13,1.14,few clouds
267,Amahai,2022-08-10 04:22:16,-3.3333,128.9167,80.42,80,63,5.3,broken clouds
268,Guerrero Negro,2022-08-10 04:22:16,27.9769,-114.0611,74.32,74,56,11.9,broken clouds
269,Manali,2022-08-10 04:22:17,13.1667,80.2667,91.49,64,75,20.96,broken clouds
270,Lancaster,2022-08-10 04:23:17,40.2504,-76.2499,76.44,84,0,3.76,clear sky
271,Hofn,2022-08-10 04:23:17,64.2539,-15.2082,52.05,92,91,10.92,overcast clouds
272,Namibe,2022-08-10 04:23:18,-15.1961,12.1522,62.04,90,40,3.04,scattered clouds
273,Zhigansk,2022-08-10 04:23:18,66.7697,123.3711,66.76,52,6,10.92,clear sky
274,Ambon,2022-08-10 04:23:19,-3.6954,128.1814,87.94,66,40,3.44,scattered clouds
275,Tuburan,2022-08-10 04:23:19,6.6439,122.2736,87.89,74,96,4.97,overcast clouds
276,Wasilla,2022-08-10 04:20:41,61.5814,-149.4394,54.95,89,100,3.44,overcast clouds
277,Margate,2022-08-10 04:23:20,51.3813,1.3862,65.7,91,13,3.0,few clouds
278,Salalah,2022-08-10 04:23:20,17.0151,54.0924,75.29,100,100,5.75,light intensity drizzle
279,Cepu,2022-08-10 04:23:20,-7.1475,111.5906,90.73,48,74,6.89,broken clouds
280,Oron,2022-08-10 04:23:21,4.8256,8.2343,74.39,94,100,1.68,overcast clouds
281,Wanning,2022-08-10 04:23:21,18.8003,110.3967,76.44,95,100,7.02,moderate rain
282,Bandarbeyla,2022-08-10 04:23:21,9.4942,50.8122,80.96,62,94,26.55,overcast clouds
283,High Rock,2022-08-10 04:23:22,26.6208,-78.2833,83.95,73,4,13.47,clear sky
284,Tessalit,2022-08-10 04:23:22,20.1986,1.0114,82.96,49,99,10.98,overcast clouds
285,Geraldton,2022-08-10 04:23:23,-28.7667,114.6,63.01,63,40,9.22,scattered clouds
286,Ladario,2022-08-10 04:23:23,-19.0047,-57.6017,54.28,82,1,3.06,clear sky
287,Pietrasanta,2022-08-10 04:23:23,43.9522,10.2248,77.05,60,0,6.73,clear sky
288,Zhicheng,2022-08-10 04:23:24,30.2956,111.5047,98.38,43,100,8.39,overcast clouds
289,Redmond,2022-08-10 04:21:53,47.674,-122.1215,74.88,72,60,2.28,broken clouds
290,Catamarca,2022-08-10 04:23:24,-28.4696,-65.7852,47.52,57,6,9.84,clear sky
291,Paita,2022-08-10 04:23:25,-5.0892,-81.1144,62.74,85,51,10.85,broken clouds
292,Verkhoyansk,2022-08-10 04:23:25,67.5447,133.385,72.88,40,0,6.08,clear sky
293,Camacha,2022-08-10 04:23:25,33.0833,-16.3333,67.42,73,20,14.97,few clouds
294,Olga,2022-08-10 04:23:26,43.7444,135.2892,77.54,52,0,8.23,clear sky
295,San Quintin,2022-08-10 04:23:26,30.4833,-115.95,73.71,76,5,6.49,clear sky
296,Cidreira,2022-08-10 04:23:27,-30.1811,-50.2056,54.95,89,100,12.01,moderate rain
297,Klaipeda,2022-08-10 04:23:27,55.7172,21.1175,53.65,79,0,5.01,clear sky
298,Dzhebariki-Khaya,2022-08-10 04:23:27,62.2167,135.8,66.4,74,100,2.35,overcast clouds
299,Madimba,2022-08-10 04:23:28,-10.4,40.3333,70.36,83,84,3.94,light rain
300,Cottonwood,2022-08-10 04:23:28,34.7392,-112.0099,78.64,67,17,6.2,few clouds
301,Semnan,2022-08-10 04:23:29,35.5729,53.3971,85.84,35,0,2.3,clear sky
302,Burnie,2022-08-10 04:23:29,-41.0667,145.9167,51.94,65,84,11.48,broken clouds
303,Male,2022-08-10 04:22:18,4.1748,73.5089,81.25,77,88,8.12,overcast clouds
304,Bilibino,2022-08-10 04:23:29,68.0546,166.4372,68.04,72,97,11.16,light rain
305,San Dona Di Piave,2022-08-10 04:23:30,45.6317,12.5694,73.81,58,0,5.84,clear sky
306,Aljezur,2022-08-10 04:23:30,37.3191,-8.8033,61.68,92,0,2.53,clear sky
307,Killybegs,2022-08-10 04:23:31,54.6333,-8.45,56.52,83,26,4.72,scattered clouds
308,Muromtsevo,2022-08-10 04:23:31,56.3724,75.2418,72.41,62,66,6.46,broken clouds
309,Umea,2022-08-10 04:23:31,63.8284,20.2597,59.92,94,20,1.14,light intensity drizzle
310,Mehamn,2022-08-10 04:23:32,71.0357,27.8492,53.55,76,75,4.61,broken clouds
311,Kovdor,2022-08-10 04:23:32,67.5662,30.4758,53.33,93,100,7.34,overcast clouds
312,Nicoya,2022-08-10 04:23:33,10.1483,-85.452,75.45,91,99,2.39,overcast clouds
313,Codrington,2022-08-10 04:23:33,-38.2667,141.9667,55.15,62,100,16.31,overcast clouds
314,Takestan,2022-08-10 04:23:33,36.0696,49.6959,69.93,71,14,10.04,few clouds
315,Taga,2022-08-10 04:23:34,46.95,24.05,63.32,95,12,3.6,few clouds
316,Carnarvon,2022-08-10 04:23:34,-24.8667,113.6333,64.6,45,11,18.03,few clouds
317,Yar-Sale,2022-08-10 04:23:35,66.8333,70.8333,57.15,52,7,12.66,clear sky
318,Caravelas,2022-08-10 04:24:35,-17.7125,-39.2481,69.19,85,25,5.97,light rain
319,Souillac,2022-08-10 04:24:36,-20.5167,57.5167,68.38,73,75,16.11,broken clouds
320,Aquiraz,2022-08-10 04:24:36,-3.9014,-38.3911,77.09,87,16,9.44,few clouds
321,Provideniya,2022-08-10 04:24:36,64.3833,-173.3,50.36,87,75,18.01,broken clouds
322,Wittmund,2022-08-10 04:24:37,53.5667,7.7833,61.03,98,96,4.29,overcast clouds
323,Chokurdakh,2022-08-10 04:24:37,70.6333,147.9167,66.61,42,3,9.33,clear sky
324,Chicama,2022-08-10 04:24:38,-7.8447,-79.1469,59.54,85,21,4.74,few clouds
325,Katsuura,2022-08-10 04:24:38,35.1333,140.3,84.81,77,55,20.58,broken clouds
326,Mandalgovi,2022-08-10 04:24:24,45.7625,106.2708,73.9,40,56,8.28,broken clouds
327,Fairbanks,2022-08-10 04:20:51,64.8378,-147.7164,55.36,65,40,6.91,scattered clouds
328,Payson,2022-08-10 04:24:39,40.0444,-111.7321,83.68,30,0,9.22,clear sky
329,Vangaindrano,2022-08-10 04:24:39,-23.35,47.6,67.68,80,90,8.86,overcast clouds
330,Kimbe,2022-08-10 04:24:39,-5.5502,150.1429,82.47,81,98,2.35,moderate rain
331,Nyurba,2022-08-10 04:24:40,63.2842,118.3319,69.26,49,21,5.41,few clouds
332,Helong,2022-08-10 04:24:40,42.5397,128.9972,82.4,33,2,12.66,clear sky
333,Thinadhoo,2022-08-10 04:24:41,0.5333,72.9333,81.61,72,48,4.85,scattered clouds
334,Ponnani,2022-08-10 04:24:41,10.767,75.9252,79.92,85,100,10.94,overcast clouds
335,Piet Retief,2022-08-10 04:24:41,-27.0071,30.8132,44.04,83,0,4.65,clear sky
336,Berdigestyakh,2022-08-10 04:24:42,62.0989,126.6992,70.93,51,24,10.22,few clouds
337,Manglaur,2022-08-10 04:24:42,29.8,77.8667,90.7,60,39,7.05,scattered clouds
338,Abnub,2022-08-10 04:24:43,27.2696,31.1511,83.32,40,0,9.75,clear sky
339,Shimoda,2022-08-10 04:24:43,34.6667,138.95,93.11,78,94,13.69,overcast clouds
340,Nurobod,2022-08-10 04:24:44,40.9056,69.8023,79.75,33,74,2.68,broken clouds
341,Uribia,2022-08-10 04:24:44,11.7139,-72.266,82.18,75,91,16.82,overcast clouds
342,Yashkul,2022-08-10 04:24:44,46.1711,45.3435,83.39,28,0,3.78,clear sky
343,Riviere-Au-Renard,2022-08-10 04:24:45,48.9957,-64.3971,50.29,76,0,2.44,clear sky
344,Vila Franca Do Campo,2022-08-10 04:24:45,37.7167,-25.4333,66.61,81,11,4.92,few clouds
345,Marakkanam,2022-08-10 04:24:46,12.2,79.95,85.62,56,95,6.69,overcast clouds
346,Puerto Santander,2022-08-10 04:24:46,8.3636,-72.4063,80.01,94,94,1.45,overcast clouds
347,Kaniama,2022-08-10 04:24:46,-7.5667,24.1833,67.26,37,11,4.65,few clouds
348,Meulaboh,2022-08-10 04:24:47,4.1363,96.1285,84.11,66,98,1.57,overcast clouds
349,Peniche,2022-08-10 04:24:47,39.3558,-9.3811,65.28,92,5,4.63,clear sky
350,Ilo,2022-08-10 04:24:47,-17.6394,-71.3375,59.47,82,60,2.1,broken clouds
351,Alofi,2022-08-10 04:24:48,-19.0595,-169.9187,78.69,73,7,8.05,clear sky
352,Belyy Yar,2022-08-10 04:24:48,53.6039,91.3903,76.89,50,0,4.47,clear sky
353,Lorengau,2022-08-10 04:24:48,-2.0226,147.2712,84.25,71,48,7.2,scattered clouds
354,Sao Mateus,2022-08-10 04:24:49,-18.7161,-39.8589,69.15,86,87,6.76,overcast clouds
355,Abha,2022-08-10 04:24:49,18.2164,42.5053,64.22,94,0,0.0,clear sky
356,Mareeba,2022-08-10 04:24:50,-17.0,145.4333,77.43,54,3,8.66,clear sky
357,Conway,2022-08-10 04:20:51,35.0887,-92.4421,78.78,87,13,3.67,few clouds
358,Southbridge,2022-08-10 04:24:50,42.0751,-72.0334,73.29,92,24,4.27,few clouds
359,Lavrentiya,2022-08-10 04:24:51,65.5833,-171.0,50.49,63,94,11.95,overcast clouds
360,Warmbad,2022-08-10 04:24:51,-28.45,18.7333,53.85,42,4,4.41,clear sky
361,Mandiana,2022-08-10 04:24:52,10.6333,-8.6833,71.1,98,98,4.12,moderate rain
362,Pitimbu,2022-08-10 04:24:52,-7.4706,-34.8086,70.39,82,3,10.83,clear sky
363,Nome,2022-08-10 04:25:52,64.5011,-165.4064,53.17,76,20,10.36,few clouds
364,Puerto Maldonado,2022-08-10 04:25:53,-12.6,-69.1833,64.81,77,100,7.36,overcast clouds
365,Patiya,2022-08-10 04:25:53,22.2931,91.9762,84.15,89,100,19.57,light rain
366,Xinxiang,2022-08-10 04:25:53,35.3089,113.8672,78.35,69,97,4.25,overcast clouds
367,Maniitsoq,2022-08-10 04:25:54,65.4167,-52.9,41.02,93,100,5.46,overcast clouds
368,Leningradskiy,2022-08-10 04:25:54,69.3833,178.4167,49.48,74,100,4.99,light rain
369,Kargasok,2022-08-10 04:25:55,59.0556,80.8572,76.24,55,15,5.57,few clouds
370,Kambove,2022-08-10 04:25:55,-10.8764,26.5969,54.7,46,0,4.0,clear sky
371,Richards Bay,2022-08-10 04:25:55,-28.783,32.0377,61.9,86,0,9.01,clear sky
372,Dunedin,2022-08-10 04:21:14,-45.8742,170.5036,45.81,60,76,8.99,broken clouds
373,Lloydminster,2022-08-10 04:25:33,53.2835,-110.0016,57.42,72,75,5.75,broken clouds
374,Nara,2022-08-10 04:22:57,34.6851,135.8049,97.97,34,87,8.7,overcast clouds
375,Colombo,2022-08-10 04:20:58,6.9319,79.8478,81.09,75,91,8.95,overcast clouds
376,Bonthe,2022-08-10 04:25:56,7.5264,-12.505,75.4,91,100,6.35,light rain
377,Yiyang,2022-08-10 04:25:57,28.5892,112.3283,98.55,37,95,6.87,overcast clouds
378,San Juan,2022-08-10 04:22:25,-31.5375,-68.5364,48.29,37,43,4.94,scattered clouds
379,Jumla,2022-08-10 04:25:57,29.2747,82.1838,73.29,73,100,3.36,overcast clouds
380,Tombouctou,2022-08-10 04:25:57,20.0,-3.0,86.85,46,55,16.64,broken clouds
381,Lasa,2022-08-10 04:25:58,46.6166,10.7002,61.68,89,10,1.72,clear sky
382,Eureka,2022-08-10 04:25:58,40.8021,-124.1637,64.74,87,18,2.37,few clouds
383,Guarapari,2022-08-10 04:25:59,-20.6667,-40.4975,70.9,92,51,9.13,broken clouds
384,Saint-Pierre,2022-08-10 04:25:59,-21.3393,55.4781,68.92,63,20,26.46,few clouds
385,Souris,2022-08-10 04:25:59,49.6172,-100.2612,57.74,66,0,4.54,clear sky
386,Zaragoza,2022-08-10 04:23:05,41.6561,-0.8773,79.02,62,0,3.44,clear sky
387,Port Said,2022-08-10 04:26:00,31.2565,32.2841,80.31,71,0,6.4,clear sky
388,San Lawrenz,2022-08-10 04:26:00,36.0553,14.204,78.85,87,1,6.96,clear sky
389,Hurricane,2022-08-10 04:26:01,37.1753,-113.2899,82.02,61,99,8.21,overcast clouds
390,Kaeo,2022-08-10 04:26:01,-35.1,173.7833,60.33,59,36,3.22,scattered clouds
391,Puerto Colombia,2022-08-10 04:26:02,10.9878,-74.9547,82.49,84,12,20.8,few clouds
392,Ayr,2022-08-10 04:25:04,55.4627,-4.6339,57.31,87,11,2.3,few clouds
393,Staryy Nadym,2022-08-10 04:26:02,65.6118,72.6842,58.73,49,61,11.25,broken clouds
394,Lengshuitan,2022-08-10 04:26:02,26.4111,111.5956,96.08,41,22,5.12,few clouds
395,Mirabad,2022-08-10 04:26:03,30.4362,61.8383,90.01,18,47,29.93,scattered clouds
396,Catuday,2022-08-10 04:26:03,16.2923,119.8062,80.85,79,100,13.69,overcast clouds
397,Manoel Urbano,2022-08-10 04:26:04,-8.8389,-69.2597,72.3,96,75,6.6,light rain
398,Tyukhtet,2022-08-10 04:21:17,56.5389,89.3011,73.06,55,9,3.06,clear sky
399,Majene,2022-08-10 04:26:04,-3.5403,118.9707,80.35,78,93,9.64,overcast clouds
400,Normandin,2022-08-10 04:26:04,48.8333,-72.5321,55.71,93,0,0.0,clear sky
401,Saint-Augustin,2022-08-10 04:26:05,51.226,-58.6502,57.25,83,23,2.71,few clouds
402,Indiaroba,2022-08-10 04:26:05,-11.5192,-37.5117,68.09,86,8,1.95,clear sky
403,Sisimiut,2022-08-10 04:26:06,66.9395,-53.6735,39.79,92,99,4.23,overcast clouds
404,Mocsa,2022-08-10 04:26:06,47.67,18.185,62.55,64,21,4.25,few clouds
405,Riedlingen,2022-08-10 04:26:07,48.1545,9.4756,60.26,90,0,7.52,clear sky
406,Solton,2022-08-10 04:26:07,52.8429,86.4787,69.13,74,98,4.36,overcast clouds
407,Lebu,2022-08-10 04:26:07,-37.6167,-73.65,47.35,80,100,8.48,overcast clouds
408,Awjilah,2022-08-10 04:26:08,29.1081,21.2869,77.58,68,0,8.95,clear sky
409,Ihosy,2022-08-10 04:27:08,-22.4,46.1167,54.3,93,28,4.45,scattered clouds
410,Baijiantan,2022-08-10 04:27:09,45.6333,85.1833,88.16,29,99,6.98,overcast clouds
411,Narsaq,2022-08-10 04:27:09,60.9167,-46.05,46.62,77,100,1.19,overcast clouds
412,Shepsi,2022-08-10 04:27:10,44.0361,39.1489,75.79,54,0,3.98,clear sky
413,Kaspiyskiy,2022-08-10 04:27:10,45.3929,47.3707,81.72,40,1,8.14,clear sky
414,San Patricio,2022-08-10 04:27:10,28.017,-97.5169,85.86,71,12,10.71,few clouds
415,Te Anau,2022-08-10 04:27:11,-45.4167,167.7167,43.21,75,53,2.73,broken clouds
416,Trincomalee,2022-08-10 04:27:11,8.5711,81.2335,84.87,62,98,19.75,overcast clouds
417,Wattegama,2022-08-10 04:27:12,6.7989,81.4808,87.26,43,95,5.53,overcast clouds
418,Aktash,2022-08-10 04:27:12,50.3,87.7333,59.77,52,64,1.61,broken clouds
419,Pasni,2022-08-10 04:27:12,25.2631,63.471,86.95,65,62,5.73,broken clouds
420,Ajdabiya,2022-08-10 04:27:13,30.7554,20.2263,77.23,80,0,7.34,clear sky
421,Buraydah,2022-08-10 04:27:13,26.326,43.975,90.05,17,6,6.91,clear sky
422,Itacare,2022-08-10 04:27:14,-14.2775,-38.9967,68.18,82,26,0.51,scattered clouds
423,Asfi,2022-08-10 04:27:14,32.2994,-9.2372,67.28,88,0,8.61,clear sky
424,Motihari,2022-08-10 04:27:14,26.65,84.9167,89.64,59,82,22.32,broken clouds
425,Pilar Do Sul,2022-08-10 04:27:15,-23.8131,-47.7164,60.76,98,100,7.96,moderate rain
426,Nyuzen,2022-08-10 04:27:15,36.9333,137.5,94.93,68,81,8.86,broken clouds
427,North Bend,2022-08-10 04:26:06,43.4065,-124.2243,62.51,88,100,6.91,overcast clouds
428,Matay,2022-08-10 04:27:16,28.419,30.7792,79.81,59,0,11.54,clear sky
429,Korla,2022-08-10 04:27:16,41.7597,86.1469,95.11,19,28,17.98,scattered clouds
430,Pidhaytsi,2022-08-10 04:27:16,49.2685,25.1334,55.96,88,99,3.27,overcast clouds
431,Vredendal,2022-08-10 04:27:17,-31.6683,18.5012,48.58,89,100,0.92,overcast clouds
432,Mackay,2022-08-10 04:27:17,-21.15,149.2,74.68,63,3,15.37,clear sky
433,Sambava,2022-08-10 04:27:18,-14.2667,50.1667,68.65,79,46,13.91,light rain
434,Los Llanos De Aridane,2022-08-10 04:27:18,28.6585,-17.9182,68.13,72,100,12.66,overcast clouds
435,Umarkot,2022-08-10 04:27:19,25.3616,69.7362,89.02,64,100,8.68,overcast clouds
436,Vila,2022-08-10 04:27:19,42.0304,-8.1588,65.7,66,0,3.27,clear sky
437,Wagar,2022-08-10 04:27:19,16.1525,36.2032,79.7,74,98,13.31,overcast clouds
438,Naze,2022-08-10 04:27:20,28.3667,129.4833,86.92,70,22,8.1,few clouds
439,Sangin,2022-08-10 04:27:20,32.0728,64.8359,94.12,13,0,10.31,clear sky
440,Alyangula,2022-08-10 04:27:21,-13.8483,136.4192,79.81,67,3,4.68,clear sky
441,Aksehir,2022-08-10 04:27:21,38.3575,31.4164,68.97,67,4,3.4,clear sky
442,Tiznit,2022-08-10 04:27:22,29.5833,-9.5,66.81,77,0,2.06,clear sky
443,Zabid,2022-08-10 04:27:22,14.1951,43.3152,83.64,76,100,5.44,overcast clouds
444,Severnyy,2022-08-10 04:27:22,50.677,36.5532,64.44,94,83,8.95,broken clouds
445,Piacabucu,2022-08-10 04:27:23,-10.4056,-36.4344,71.47,82,11,4.63,few clouds
446,Maceio,2022-08-10 04:27:23,-9.6658,-35.7353,72.84,88,40,2.3,scattered clouds
447,Houston,2022-08-10 04:23:55,29.7633,-95.3633,85.37,77,0,9.22,clear sky
448,Olinda,2022-08-10 04:27:24,-8.0089,-34.8553,73.13,83,40,4.61,scattered clouds
449,Pierre,2022-08-10 04:27:24,44.3683,-100.351,79.86,64,0,4.0,clear sky
450,Eston,2022-08-10 04:27:24,51.1501,-108.7514,63.91,41,22,10.45,few clouds
451,Maracacume,2022-08-10 04:27:25,-2.0428,-45.9592,71.46,97,37,2.98,scattered clouds
452,Shirokiy,2022-08-10 04:27:25,49.758,129.523,58.21,86,100,11.86,overcast clouds
453,Mildura,2022-08-10 04:27:26,-34.2,142.15,57.07,55,100,20.02,overcast clouds
454,Sitka,2022-08-10 04:27:26,57.0531,-135.33,58.89,67,100,10.36,overcast clouds
455,Bodden Town,2022-08-10 04:27:26,19.2833,-81.25,78.93,92,100,10.31,overcast clouds
456,Coihaique,2022-08-10 04:28:27,-45.5752,-72.0662,42.75,75,75,4.61,broken clouds
457,Paamiut,2022-08-10 04:28:27,61.994,-49.6678,42.1,87,99,6.31,overcast clouds
458,Quimper,2022-08-10 04:28:28,48.0,-4.1,63.18,77,0,6.91,clear sky
459,Kiruna,2022-08-10 04:23:44,67.8557,20.2251,49.12,87,40,4.61,scattered clouds
460,Koulikoro,2022-08-10 04:28:28,14.0,-7.75,77.65,80,100,9.17,light rain
461,Sakaiminato,2022-08-10 04:28:28,35.55,133.2333,89.58,58,75,13.8,heavy intensity rain
462,Jamsa,2022-08-10 04:28:29,61.8642,25.19,54.32,73,55,3.56,broken clouds
463,Porto Walter,2022-08-10 04:28:29,-8.2686,-72.7439,71.58,95,66,2.59,broken clouds
464,Camacari,2022-08-10 04:28:30,-12.6975,-38.3242,76.77,86,7,2.1,clear sky
465,Victoria,2022-08-10 04:24:01,22.2855,114.1577,80.65,90,100,28.01,light rain
466,Piedras Negras,2022-08-10 04:25:20,28.7,-100.5167,90.45,46,46,12.24,scattered clouds
467,Polyarnyye Zori,2022-08-10 04:28:30,67.3661,32.4981,50.86,98,100,5.44,overcast clouds
468,Shubarkuduk,2022-08-10 04:28:31,49.1447,56.4872,78.13,35,1,9.44,clear sky
469,Lodja,2022-08-10 04:28:31,-3.4833,23.4333,69.48,44,76,0.16,broken clouds
470,Namatanai,2022-08-10 04:28:32,-3.6667,152.4333,82.96,71,100,2.64,light rain
471,Cabo San Lucas,2022-08-10 04:28:32,22.8909,-109.9124,87.51,67,99,4.0,overcast clouds
472,Itamarandiba,2022-08-10 04:28:32,-17.8572,-42.8589,58.87,66,77,1.68,broken clouds
473,Washington,2022-08-10 04:26:08,47.5001,-120.5015,81.0,44,76,2.28,broken clouds
474,Abrego,2022-08-10 04:28:33,8.0807,-73.2205,64.44,89,68,5.48,broken clouds
475,Tsaratanana,2022-08-10 04:28:33,-16.7833,47.65,64.47,67,2,13.15,clear sky
476,Kurilsk,2022-08-10 04:28:34,45.2333,147.8833,66.79,82,100,5.08,light rain
477,Winona,2022-08-10 04:28:34,43.9666,-91.7668,66.0,100,0,0.0,clear sky
478,Council Bluffs,2022-08-10 04:27:21,41.2619,-95.8608,76.51,68,0,4.61,clear sky
479,Sosnogorsk,2022-08-10 04:28:35,63.6023,53.8817,59.65,56,100,5.77,overcast clouds
480,Albert,2022-08-10 04:28:35,50.0009,2.651,63.12,81,0,9.22,clear sky
481,Huejuquilla El Alto,2022-08-10 04:28:36,22.6,-103.8667,69.22,54,89,1.01,overcast clouds
482,Garowe,2022-08-10 04:28:36,8.4054,48.4845,77.0,59,100,24.72,overcast clouds
483,Kristiinankaupunki,2022-08-10 04:28:37,62.2743,21.376,60.3,90,100,9.4,overcast clouds
484,Zhangjiakou,2022-08-10 04:28:37,40.81,114.8794,79.21,49,0,6.24,clear sky
485,Ca Mau,2022-08-10 04:28:37,9.1769,105.15,86.43,64,73,12.48,light rain
486,Friesach,2022-08-10 04:28:38,46.9553,14.4058,59.97,87,0,3.85,clear sky
487,Oriximina,2022-08-10 04:28:38,-1.7656,-55.8661,77.16,59,35,2.86,scattered clouds
488,Sokolka,2022-08-10 04:28:39,53.4072,23.5023,54.84,95,8,5.32,clear sky
489,Chantada,2022-08-10 04:28:39,42.6088,-7.7712,60.98,92,0,2.21,clear sky
490,Pukhrayan,2022-08-10 04:28:39,26.2333,79.85,89.76,57,0,18.59,clear sky
491,Harper,2022-08-10 04:28:40,4.375,-7.7169,74.82,77,100,9.42,overcast clouds
492,Elmina,2022-08-10 04:28:40,5.0898,-1.348,72.46,93,83,8.1,broken clouds
493,Dobroye,2022-08-10 04:28:41,52.8678,39.8109,67.1,74,88,10.83,overcast clouds
494,Cairns,2022-08-10 04:24:57,-16.9167,145.7667,82.06,60,75,17.27,broken clouds
495,Gao,2022-08-10 04:28:41,16.6362,1.637,86.22,47,85,7.56,overcast clouds
496,Son La,2022-08-10 04:28:42,21.3167,103.9,84.34,64,68,1.05,broken clouds
497,Bouar,2022-08-10 04:28:42,5.934,15.596,63.86,97,77,3.4,broken clouds
498,Nantucket,2022-08-10 04:27:58,41.2835,-70.0995,77.11,94,75,6.91,mist
499,Hobyo,2022-08-10 04:28:42,5.3505,48.5268,77.36,83,95,23.96,overcast clouds
500,Mayor Pablo Lagerenza,2022-08-10 04:28:43,-19.9309,-60.7718,56.43,49,0,8.61,clear sky
501,Bathsheba,2022-08-10 04:28:43,13.2167,-59.5167,83.01,83,40,16.11,scattered clouds
502,Saveh,2022-08-10 04:28:44,35.0213,50.3566,79.5,45,2,5.19,clear sky
503,Mitsamiouli,2022-08-10 04:28:44,-11.3847,43.2844,75.49,73,20,4.61,few clouds
504,Daru,2022-08-10 04:29:44,-9.0763,143.2092,78.37,80,97,18.77,overcast clouds
505,Tubuala,2022-08-10 04:29:45,9.5167,-79.0333,79.43,88,100,5.88,overcast clouds
506,Yarmouth,2022-08-10 04:29:45,41.7057,-70.2286,77.05,93,100,5.75,mist
507,Aripuana,2022-08-10 04:29:46,-9.1667,-60.6333,72.64,92,92,7.38,overcast clouds
508,San Rafael,2022-08-10 04:25:03,-34.6177,-68.3301,46.72,46,100,11.81,overcast clouds
509,Amapa,2022-08-10 04:29:47,1.0,-52.0,70.18,95,26,1.99,scattered clouds
510,Port Moresby,2022-08-10 04:25:16,-9.4431,147.1797,81.82,74,75,17.27,broken clouds
511,Rio Branco,2022-08-10 04:29:07,-9.9747,-67.81,70.41,83,75,6.91,light rain
512,Manacapuru,2022-08-10 04:25:52,-3.2997,-60.6206,77.52,62,63,3.69,broken clouds
513,Santo Antonio Do Amparo,2022-08-10 04:29:47,-20.9464,-44.9189,62.06,77,100,2.77,overcast clouds
514,Gillette,2022-08-10 04:28:22,44.2911,-105.5022,77.95,33,0,0.0,clear sky
515,Kailua,2022-08-10 04:29:48,21.4022,-157.7394,85.98,76,40,11.5,scattered clouds
516,Grand Gaube,2022-08-10 04:29:48,-20.0064,57.6608,70.38,55,72,11.01,broken clouds
517,Tel Aviv-Yafo,2022-08-10 04:29:49,32.0805,34.7805,79.21,78,40,6.91,scattered clouds
518,Hit,2022-08-10 04:29:49,33.6416,42.8251,87.26,38,0,19.89,clear sky
519,Churapcha,2022-08-10 04:29:49,62.0025,132.4325,67.91,59,100,4.85,overcast clouds
520,Tigzirt,2022-08-10 04:29:50,36.8886,4.1198,77.85,51,0,8.66,clear sky
521,Neiafu,2022-08-10 04:29:50,-18.65,-173.9833,81.28,78,40,6.91,scattered clouds
522,Bacolod,2022-08-10 04:29:51,10.6667,122.95,84.81,69,98,2.08,light rain
523,Sharjah,2022-08-10 04:29:51,25.3573,55.4033,97.09,41,0,12.66,clear sky
524,San Pedro De Macoris,2022-08-10 04:29:52,18.4616,-69.2972,77.13,88,100,8.23,overcast clouds
525,Tacarigua,2022-08-10 04:29:52,10.0862,-67.9198,71.96,94,92,2.08,overcast clouds
526,Platteville,2022-08-10 04:29:52,42.7342,-90.4785,66.76,100,0,0.0,clear sky
527,Manzhouli,2022-08-10 04:29:53,49.6,117.4333,68.41,42,49,14.7,scattered clouds
528,Mackenzie,2022-08-10 04:29:09,55.2999,-123.1698,64.62,68,0,3.44,clear sky
529,Russell,2022-08-10 04:29:53,32.3502,-85.1999,74.8,94,40,0.0,scattered clouds
530,Charcas,2022-08-10 04:29:54,23.1333,-101.1167,62.01,74,12,12.71,few clouds
531,Najran,2022-08-10 04:29:54,17.4924,44.1277,83.05,53,92,7.85,overcast clouds
532,Alice Town,2022-08-10 04:29:54,25.7167,-79.3,84.33,76,26,15.41,scattered clouds
533,Chapais,2022-08-10 04:29:55,49.7834,-74.8492,56.98,81,0,5.48,clear sky
534,Tomatlan,2022-08-10 04:29:55,19.9333,-105.25,76.82,91,63,2.48,broken clouds
535,Maragogi,2022-08-10 04:29:56,-9.0122,-35.2225,71.83,84,14,3.74,few clouds
536,Khandagayty,2022-08-10 04:29:56,50.7333,92.05,71.98,40,26,4.94,scattered clouds
537,Jining,2022-08-10 04:29:57,35.405,116.5814,80.49,80,90,3.98,overcast clouds
538,Atchison,2022-08-10 04:29:57,39.563,-95.1216,71.98,83,0,6.46,clear sky
539,Taltal,2022-08-10 04:29:57,-25.4,-70.4833,66.94,37,0,2.98,clear sky
540,Ambilobe,2022-08-10 04:29:58,-13.2,49.05,67.37,63,74,5.3,broken clouds
541,Mahibadhoo,2022-08-10 04:29:58,3.7833,72.9667,81.45,77,93,7.67,overcast clouds
542,Bahia Blanca,2022-08-10 04:29:59,-38.7196,-62.2724,46.09,60,15,11.72,few clouds
543,Bondowoso,2022-08-10 04:29:59,-7.9135,113.8214,87.19,55,86,0.65,overcast clouds
544,Bilokurakyne,2022-08-10 04:30:00,49.5341,38.7307,75.9,38,10,5.03,clear sky
545,Bac Lieu,2022-08-10 04:30:00,9.285,105.7244,85.68,68,93,15.59,overcast clouds
546,Taoudenni,2022-08-10 04:30:00,22.6783,-3.9836,91.92,35,0,15.55,clear sky
547,Kangaatsiaq,2022-08-10 04:30:01,68.3065,-53.4641,39.13,93,100,10.54,overcast clouds
548,Tabou,2022-08-10 04:31:01,4.423,-7.3528,74.8,77,100,8.66,overcast clouds
549,Conceicao Do Araguaia,2022-08-10 04:31:02,-8.2578,-49.2647,73.2,42,6,3.18,clear sky
550,Ligaya,2022-08-10 04:31:02,12.6599,120.8923,86.99,64,73,6.31,broken clouds
551,Palmer,2022-08-10 04:30:42,42.1584,-72.3287,76.37,76,100,5.75,overcast clouds
552,Gat,2022-08-10 04:31:02,31.61,34.7642,77.68,100,19,1.77,few clouds
553,Leatherhead,2022-08-10 04:31:03,51.2959,-0.3259,61.88,90,0,2.3,clear sky
554,Saint-Joseph,2022-08-10 04:31:04,-21.3667,55.6167,66.58,73,67,18.19,broken clouds
555,Knysna,2022-08-10 04:31:04,-34.0363,23.0471,55.24,82,94,3.24,overcast clouds
556,Koumac,2022-08-10 04:31:05,-20.5667,164.2833,71.17,54,7,18.43,clear sky
557,Nampula,2022-08-10 04:31:05,-15.1165,39.2666,64.35,94,40,0.0,mist
558,Tarko-Sale,2022-08-10 04:31:05,64.9225,77.785,65.16,51,14,11.25,few clouds
559,Yatou,2022-08-10 04:31:06,37.15,122.3833,71.94,89,100,6.13,moderate rain
560,Wabash,2022-08-10 04:31:06,40.7978,-85.8205,68.56,94,8,5.01,clear sky
561,Gedinne,2022-08-10 04:31:07,49.9804,4.9367,60.31,75,14,3.98,few clouds
562,Amboasary,2022-08-10 04:31:07,-25.0333,46.3833,68.76,75,14,7.92,few clouds
563,Gebre Guracha,2022-08-10 04:31:08,9.8,38.4,51.85,94,100,1.25,moderate rain
564,Port-Cartier,2022-08-10 04:31:08,50.0334,-66.8654,55.08,65,13,2.68,few clouds
565,Tautira,2022-08-10 04:31:08,-17.7333,-149.15,73.83,80,100,9.51,light rain
566,Prince Rupert,2022-08-10 04:30:28,54.3161,-130.3201,62.29,88,0,13.8,clear sky
567,Kidal,2022-08-10 04:31:09,18.4411,1.4078,81.52,55,22,6.8,few clouds
568,Choctaw,2022-08-10 04:31:09,35.4976,-97.2689,79.12,73,40,0.0,scattered clouds
569,Atasu,2022-08-10 04:31:10,48.6814,71.6433,64.67,68,54,11.99,broken clouds
570,Cambados,2022-08-10 04:31:10,42.5122,-8.8131,68.18,94,0,1.1,clear sky
571,Iqaluit,2022-08-10 04:31:11,63.7506,-68.5145,46.13,81,20,3.44,few clouds
572,Manaia,2022-08-10 04:31:11,-39.55,174.1333,51.89,50,97,8.01,overcast clouds
573,Dvinskoy,2022-08-10 04:31:12,62.1535,45.1175,59.32,73,100,2.91,overcast clouds
574,Kavaratti,2022-08-10 04:31:12,10.5669,72.642,80.74,82,99,21.56,overcast clouds
575,Mortka,2022-08-10 04:31:12,59.3322,66.0214,73.13,65,38,6.42,scattered clouds
576,Ostrovnoy,2022-08-10 04:31:13,68.0531,39.5131,53.87,77,99,12.24,overcast clouds
577,Mountain Home,2022-08-10 04:31:13,43.133,-115.6912,81.88,36,100,10.36,overcast clouds
578,Hochstadt,2022-08-10 04:28:01,49.2475,8.2089,67.55,47,0,5.3,clear sky
579,Provost,2022-08-10 04:30:09,52.3501,-110.2683,59.45,57,27,8.41,scattered clouds
580,Iracoubo,2022-08-10 04:31:14,5.4802,-53.2011,77.25,90,57,10.67,broken clouds
581,Danville,2022-08-10 04:31:15,36.586,-79.395,75.87,91,0,4.61,clear sky
582,Fereydun Kenar,2022-08-10 04:31:15,36.6864,52.5225,75.42,88,100,2.3,overcast clouds
583,Alanya,2022-08-10 04:31:15,36.5438,31.9998,77.13,76,6,2.46,clear sky
584,Alekseyevsk,2022-08-10 04:31:16,57.8406,108.3492,66.6,55,100,8.14,overcast clouds
585,Zhezkazgan,2022-08-10 04:31:16,47.8043,67.7144,66.18,72,20,13.42,few clouds
586,Sangar,2022-08-10 04:31:17,63.9242,127.4739,71.91,53,2,10.04,clear sky
587,Moron,2022-08-10 04:31:17,-34.6534,-58.6198,51.55,77,2,5.68,clear sky
588,Gornopravdinsk,2022-08-10 04:31:15,60.05,69.9,72.36,52,51,9.66,broken clouds
589,Umm Lajj,2022-08-10 04:31:18,25.0213,37.2685,87.87,75,60,7.2,broken clouds
590,Acarau,2022-08-10 04:31:18,-2.8856,-40.12,75.76,87,43,13.8,scattered clouds
591,Dingle,2022-08-10 04:31:18,10.9995,122.6711,84.13,75,98,3.22,overcast clouds
592,Dartford,2022-08-10 04:31:19,51.4435,0.2196,62.42,90,49,3.44,scattered clouds
593,Arenapolis,2022-08-10 04:31:19,-14.4503,-56.8461,60.24,90,100,8.05,overcast clouds
594,Hovd,2022-08-10 04:31:19,48.0056,91.6419,79.36,23,30,8.77,scattered clouds
595,Laranja Da Terra,2022-08-10 04:32:20,-19.8989,-41.0567,65.52,97,95,2.19,overcast clouds
596,Coos Bay,2022-08-10 04:32:20,43.3665,-124.2179,62.58,88,100,6.91,overcast clouds
597,Kirakira,2022-08-10 04:32:21,-10.4544,161.9205,82.04,77,58,2.82,broken clouds
598,Moerai,2022-08-10 04:32:21,-22.4333,-151.3333,71.78,76,5,15.64,clear sky
599,Aasiaat,2022-08-10 04:32:22,68.7098,-52.8699,36.68,98,100,8.23,light rain
600,Chornobay,2022-08-10 04:32:22,49.6708,32.3239,66.87,72,57,13.51,broken clouds
601,Quang Ngai,2022-08-10 04:27:55,15.1167,108.8,86.05,67,100,1.43,overcast clouds
602,Pangnirtung,2022-08-10 04:32:23,66.1451,-65.7125,46.24,78,48,3.0,scattered clouds
603,Kabanjahe,2022-08-10 04:32:04,3.1001,98.4908,80.02,43,87,2.82,overcast clouds
604,Saryozek,2022-08-10 04:32:23,44.3583,77.9753,79.07,32,87,6.11,overcast clouds
605,Jibuti,2022-08-10 04:32:24,11.5,42.5,80.33,59,100,7.11,overcast clouds
606,Maryborough,2022-08-10 04:32:24,-25.5333,152.7,66.11,59,60,9.26,broken clouds
607,Teknaf,2022-08-10 04:32:25,20.8624,92.3058,78.22,91,100,17.69,overcast clouds
608,The Valley,2022-08-10 04:32:25,18.217,-63.0578,82.09,75,97,20.78,overcast clouds
609,Arandis,2022-08-10 04:32:26,-22.4167,14.9667,53.87,54,0,1.9,clear sky
610,Tura,2022-08-10 04:32:26,25.5198,90.2201,83.26,68,100,7.65,overcast clouds
611,Verkhoturye,2022-08-10 04:32:27,58.8627,60.8054,66.31,89,100,1.05,overcast clouds
612,Lompoc,2022-08-10 04:32:27,34.6391,-120.4579,65.01,86,0,9.22,clear sky
613,Rafaela,2022-08-10 04:32:28,-31.2503,-61.4867,46.98,64,53,5.14,broken clouds
614,Suntar,2022-08-10 04:32:28,62.1444,117.6319,71.6,46,75,6.89,broken clouds
615,Tigil,2022-08-10 04:32:29,57.8,158.6667,56.46,91,100,11.3,light rain
616,Tecoanapa,2022-08-10 04:32:29,16.5167,-98.75,77.99,83,94,6.08,overcast clouds
617,Gisborne,2022-08-10 04:32:30,-38.6533,178.0042,49.48,73,93,11.36,overcast clouds
618,Jasper,2022-08-10 04:30:28,37.2001,-94.3502,77.05,81,0,5.75,clear sky
619,Fredericksburg,2022-08-10 04:32:12,38.3032,-77.4605,80.26,82,0,0.0,clear sky
620,Montes Altos,2022-08-10 04:32:30,-5.8333,-47.0667,73.11,43,4,5.77,clear sky
621,Champerico,2022-08-10 04:32:31,14.3,-91.9167,78.1,82,99,8.7,overcast clouds
622,Svetlogorsk,2022-08-10 04:28:37,52.6333,29.7333,57.06,82,7,5.26,clear sky
623,Matagami,2022-08-10 04:29:18,49.7502,-77.6328,62.71,59,0,10.36,clear sky
624,Querfurt,2022-08-10 04:32:31,51.3833,11.6,60.01,67,8,3.94,clear sky
625,Loandjili,2022-08-10 04:32:32,-4.7561,11.8578,68.11,94,20,2.3,mist
626,Ketchikan,2022-08-10 04:32:32,55.3422,-131.6461,66.67,52,0,8.05,clear sky
627,Aykhal,2022-08-10 04:32:33,66.0,111.5,64.47,61,100,10.42,overcast clouds
628,Clarksburg,2022-08-10 04:32:33,39.2807,-80.3445,73.85,95,20,3.44,few clouds
629,Kisanga,2022-08-10 04:32:34,-7.4362,37.7034,69.82,66,87,2.28,overcast clouds
630,Praia Da Vitoria,2022-08-10 04:32:34,38.7333,-27.0667,70.05,88,40,8.1,scattered clouds
631,Kilindoni,2022-08-10 04:32:34,-7.9139,39.6668,76.35,69,87,10.58,overcast clouds
632,Beloye,2022-08-10 04:32:35,48.4952,39.0505,82.0,29,4,6.73,clear sky
633,Karatau,2022-08-10 04:32:35,43.1667,70.4667,82.11,24,0,8.99,clear sky
634,Juwana,2022-08-10 04:32:36,-6.715,111.1514,92.26,45,81,4.32,broken clouds
635,Port Augusta,2022-08-10 04:32:36,-32.5,137.7667,62.24,40,100,25.68,overcast clouds
636,Kudowa-Zdroj,2022-08-10 04:32:36,50.443,16.244,58.08,74,58,3.2,broken clouds
637,Annau,2022-08-10 04:32:37,37.8876,58.516,83.7,26,40,4.61,scattered clouds
638,Okakarara,2022-08-10 04:33:38,-20.5833,17.4333,51.03,34,0,3.15,clear sky
639,Lubango,2022-08-10 04:33:38,-14.9172,13.4925,56.37,23,0,3.49,clear sky
640,Elizabeth City,2022-08-10 04:33:38,36.2946,-76.2511,82.42,83,0,12.66,clear sky
641,Kalmunai,2022-08-10 04:33:39,7.4167,81.8167,89.1,43,99,2.57,overcast clouds
642,Thunder Bay,2022-08-10 04:33:39,48.4001,-89.3168,69.71,73,20,6.91,few clouds
643,Verkhovazhye,2022-08-10 04:33:40,60.7472,42.0465,57.18,92,99,3.27,light rain
644,Luz,2022-08-10 04:33:40,-19.8014,-45.6856,68.49,58,94,4.83,overcast clouds
645,Motygino,2022-08-10 04:33:41,58.1831,94.7592,62.4,91,97,3.58,light rain
646,Boende,2022-08-10 04:33:41,-0.2167,20.8667,72.09,80,41,3.53,scattered clouds
647,Valentin Gomez Farias,2022-08-10 04:33:41,28.2167,-106.5833,73.26,44,75,4.47,broken clouds
648,Cap Malheureux,2022-08-10 04:33:42,-19.9842,57.6142,70.47,55,66,11.01,broken clouds
649,Kyra,2022-08-10 04:33:42,49.5776,111.9753,71.87,38,2,4.36,clear sky
650,Novobiryusinskiy,2022-08-10 04:33:43,56.9578,97.7076,66.51,69,100,7.52,light rain
651,Hambantota,2022-08-10 04:33:43,6.1241,81.1185,86.34,70,20,12.66,few clouds
652,Ormara,2022-08-10 04:33:43,25.2088,64.6357,87.06,67,70,3.71,broken clouds
653,Zurrieq,2022-08-10 04:33:44,35.8311,14.4742,78.96,89,20,4.61,few clouds
654,Linxia,2022-08-10 04:33:44,35.6003,103.2064,81.12,60,98,5.44,overcast clouds
655,Hays,2022-08-10 04:33:45,30.0502,-98.0336,87.15,63,17,5.01,few clouds
656,Palu,2022-08-10 04:33:45,-0.8917,119.8707,85.26,75,58,3.18,broken clouds
657,Banda Aceh,2022-08-10 04:33:45,5.5577,95.3222,86.34,63,100,12.1,overcast clouds
658,Teteles,2022-08-10 04:33:46,19.8667,-97.4333,56.14,91,65,3.51,broken clouds
659,Santa Lucia,2022-08-10 04:33:34,27.9117,-15.5407,63.72,73,20,24.16,few clouds
660,Dabakala,2022-08-10 04:33:46,8.3667,-4.4333,72.66,87,99,6.67,overcast clouds
661,Uruguaiana,2022-08-10 04:33:47,-29.7547,-57.0883,48.13,87,0,11.5,clear sky
662,Chizhou,2022-08-10 04:33:47,30.6578,117.4831,101.98,38,100,2.64,overcast clouds
663,Ratnagiri,2022-08-10 04:33:48,16.9833,73.3,81.34,84,79,21.23,broken clouds
664,Seka,2022-08-10 04:33:48,17.9285,103.9552,83.34,74,99,5.75,moderate rain
665,Fairview,2022-08-10 04:32:49,40.8126,-73.999,83.46,72,75,8.05,broken clouds
666,Sheridan,2022-08-10 04:33:48,44.8333,-106.9173,74.91,46,0,6.91,clear sky
667,Ler,2022-08-10 04:33:49,8.3018,30.1418,73.02,94,100,3.8,overcast clouds
668,Tulare,2022-08-10 04:32:41,36.2666,-118.8009,78.13,40,22,1.01,few clouds
669,Ziro,2022-08-10 04:33:49,27.6333,93.8333,59.74,90,100,2.82,light rain
670,Ballina,2022-08-10 04:33:50,-28.8667,153.5667,64.02,66,67,13.73,broken clouds
671,Dire,2022-08-10 04:33:50,12.2833,-10.9667,73.36,96,85,1.12,moderate rain
672,Ukiah,2022-08-10 04:30:37,39.1502,-123.2078,67.89,56,0,4.61,clear sky
673,Nyrob,2022-08-10 04:33:51,60.733,56.7202,67.98,68,100,2.62,overcast clouds
674,Levikha,2022-08-10 04:33:51,57.5836,59.9003,73.13,60,100,1.99,overcast clouds
675,Vao,2022-08-10 04:33:51,-22.6667,167.4833,67.39,61,3,19.86,clear sky
676,Saint Anthony,2022-08-10 04:33:52,45.0205,-93.218,71.49,82,0,0.0,clear sky
677,Tazovskiy,2022-08-10 04:33:52,67.4667,78.7,52.18,63,57,14.38,broken clouds
678,Maningrida,2022-08-10 04:33:53,-12.0667,134.2667,86.54,50,2,12.62,clear sky
679,Mezen,2022-08-10 04:33:53,65.8522,44.24,58.57,64,82,4.0,broken clouds
680,San Cristobal,2022-08-10 04:33:53,7.7669,-72.225,69.98,96,99,2.98,overcast clouds
681,Hualmay,2022-08-10 04:33:54,-11.0964,-77.6139,61.0,83,33,7.07,scattered clouds
682,Emba,2022-08-10 04:33:54,48.8264,58.1442,78.12,33,0,7.05,clear sky
683,Ilebo,2022-08-10 04:33:55,-4.3167,20.5833,68.74,39,43,0.49,scattered clouds
684,Ha Giang,2022-08-10 04:33:55,22.8333,104.9833,97.27,44,98,2.48,overcast clouds
685,Magadi,2022-08-10 04:33:56,12.9667,77.2333,75.36,70,100,18.75,overcast clouds
686,Yambio,2022-08-10 04:34:56,4.5721,28.3955,68.32,96,99,2.8,overcast clouds
687,Carauari,2022-08-10 04:34:57,-4.8828,-66.8958,74.57,84,99,0.78,overcast clouds
688,Doha,2022-08-10 04:34:12,25.2867,51.5333,98.58,49,79,5.75,broken clouds
689,Jiwani,2022-08-10 04:34:57,25.05,61.7417,87.35,67,100,5.35,overcast clouds
690,Northam,2022-08-10 04:34:58,51.0333,-4.2167,60.39,73,5,5.99,clear sky
691,Axim,2022-08-10 04:34:58,4.8699,-2.2405,73.9,87,80,8.01,broken clouds
